feature,gene_name,selection_count,frequency,median_coef,mean_coef,importance_score,pathway,perm_importance_mean,perm_importance_std
gene_CCND2,CCND2,14,0.9333333333333333,-0.6166420808089481,-0.6101850725707874,0.5755326087550182,WNT_hsa04310,0.00021008403361344463,0.0004201680672268893
gene_MDM2,MDM2,15,1.0,-0.5585623205529383,-0.6041583086318878,0.5585623205529383,PI3K_Akt_hsa04151,0.0,0.0
gene_IFNA17,IFNA17,14,0.9333333333333333,0.5952882219734441,0.5625316103077329,0.5556023405085478,PI3K_Akt_hsa04151,0.0,0.0
gene_CACNG5,CACNG5,13,0.8666666666666667,-0.6192722041439298,-0.6092213955685755,0.5367025769247392,MAPK_hsa04010,0.0,0.0
gene_PIK3C2B,PIK3C2B,15,1.0,0.5247009893843878,0.5287404742092587,0.5247009893843878,IGF1_signaling,0.0,0.0
gene_FGF16,FGF16,11,0.7333333333333333,0.6802517226344424,0.6825465793391673,0.49885126326525775,PI3K_Akt_hsa04151,0.0,0.0
gene_HSPA1B,HSPA1B,15,1.0,0.4834840263953055,0.5033982407053486,0.4834840263953055,MAPK_hsa04010,0.0,0.0
gene_MAPK8IP3,MAPK8IP3,9,0.6,0.7690159525855609,0.7600756793285536,0.4614095715513365,MAPK_hsa04010,0.0,0.0
gene_DUSP6,DUSP6,14,0.9333333333333333,-0.4794988261250731,-0.4595355629327544,0.4475322377167349,MAPK_hsa04010,0.001995798319327724,0.0009909644046277911
gene_CCNE1,CCNE1,15,1.0,-0.433601587798787,-0.4389571965356581,0.433601587798787,PI3K_Akt_hsa04151,0.0,0.0
gene_OSMR,OSMR,15,1.0,0.4318080020837011,0.4890417952461029,0.4318080020837011,PI3K_Akt_hsa04151,0.0,0.0
gene_IGF1R,IGF1R,12,0.8,-0.5287968824259237,-0.4962580424323925,0.42303750594073897,PI3K_Akt_hsa04151,0.003256302521008403,0.0037123103040067836
gene_LPIN1,LPIN1,14,0.9333333333333333,0.4307311944969856,0.45433808292845085,0.4020157815305199,mTOR_hsa04150,0.004936974789915949,0.005294992924843969
gene_SSBP1,SSBP1,14,0.9333333333333333,0.4281119706917222,0.41747574778478513,0.3995711726456074,MMR_hsa03430,0.0,0.0
gene_BAMBI,BAMBI,15,1.0,-0.3757214957521282,-0.37143079192939266,0.3757214957521282,WNT_hsa04310,0.0,0.0
gene_NFATC1,NFATC1,12,0.8,-0.466235134502796,-0.47215423069044093,0.37298810760223683,WNT_hsa04310,0.0,0.0
gene_SERPINB5,SERPINB5,12,0.8,0.46365286009426654,0.46149452019807446,0.3709222880754133,p53_hsa04115,0.0,0.0
gene_IGFBP5,IGFBP5,13,0.8666666666666667,0.42458747537847996,0.38225598876929523,0.36797581199468266,IGF1_signaling,0.0,0.0
gene_FOSL1,FOSL1,10,0.6666666666666666,0.5366530660886942,0.6165459502443893,0.35776871072579614,WNT_hsa04310,0.0,0.0
gene_CXXC4,CXXC4,10,0.6666666666666666,0.509285974685864,0.48015604619068186,0.3395239831239093,WNT_hsa04310,0.0,0.0
gene_ATF2,ATF2,13,0.8666666666666667,0.38986304508048863,0.4222007523960025,0.3378813057364235,PI3K_Akt_hsa04151,-0.007352941176470618,0.0051886928719447455
gene_BID,BID,12,0.8,0.40585086824421107,0.41068845691824646,0.32468069459536886,p53_hsa04115,0.0,0.0
gene_FGFR4,FGFR4,15,1.0,0.3217320743668657,0.3161192011373329,0.3217320743668657,PI3K_Akt_hsa04151,0.0,0.0
gene_PPP2R2C,PPP2R2C,8,0.5333333333333333,-0.60269779222545,-0.5575517566874573,0.32143882252024,PI3K_Akt_hsa04151,0.0,0.0
gene_DVL1,DVL1,12,0.8,0.3832650957002711,0.4348474103941082,0.30661207656021694,WNT_hsa04310,0.0,0.0
gene_RASD1,RASD1,14,0.9333333333333333,-0.3251379424669636,-0.4067995898295328,0.3034620796358327,IGF1_signaling,0.0,0.0
gene_POLD4,POLD4,13,0.8666666666666667,0.3406150877807626,0.4124552053276012,0.2951997427433276,MMR_hsa03430,0.0,0.0
gene_PRR5L,PRR5L,13,0.8666666666666667,-0.34031368192801315,-0.31265921129343244,0.2949385243376114,mTOR_hsa04150,-0.0030462184873949693,0.0038580604353375832
gene_PLA2G4E,PLA2G4E,10,0.6666666666666666,-0.43299310443939565,-0.44557623329693846,0.28866206962626373,MAPK_hsa04010,0.0,0.0
gene_YWHAB,YWHAB,14,0.9333333333333333,0.30284933044079676,0.2873833597483406,0.282659375078077,PI3K_Akt_hsa04151,0.0,0.0
gene_SLC3A2,SLC3A2,15,1.0,0.27415632275427704,0.27808163040283124,0.27415632275427704,mTOR_hsa04150,0.0,0.0
gene_CTBP1,CTBP1,13,0.8666666666666667,-0.31072288020004,-0.36081211058483575,0.2692931628400347,WNT_hsa04310,0.0,0.0
gene_GHR,GHR,13,0.8666666666666667,0.3085118317133778,0.3350642865863778,0.26737692081826075,PI3K_Akt_hsa04151,-0.0021008403361344463,0.0013286880925077176
gene_GH2,GH2,13,0.8666666666666667,0.30700139448041874,0.31215787570154824,0.26606787521636294,PI3K_Akt_hsa04151,0.0,0.0
gene_NF1,NF1,10,0.6666666666666666,0.398192089999595,0.41962026620709675,0.2654613933330633,MAPK_hsa04010,0.0,0.0
gene_DDB2,DDB2,13,0.8666666666666667,-0.3041911104115691,-0.3184120014446481,0.26363229569002655,p53_hsa04115,0.0,0.0
gene_RSPO4,RSPO4,12,0.8,0.3254106311103687,0.3177089973124465,0.260328504888295,WNT_hsa04310,0.0019957983193277127,0.0051982533746464795
gene_WNT10A,WNT10A,12,0.8,0.3251158888562647,0.3335949194872529,0.26009271108501175,WNT_hsa04310,0.0,0.0
gene_ITGB5,ITGB5,12,0.8,0.3239777872492455,0.3298016747153113,0.25918222979939637,PI3K_Akt_hsa04151,0.0,0.0
gene_WNT3,WNT3,11,0.7333333333333333,-0.34890952243998147,-0.3216208800309376,0.25586698312265305,WNT_hsa04310,0.0,0.0
gene_MYC,MYC,13,0.8666666666666667,-0.2916922915567075,-0.32357533346800693,0.25279998601581316,WNT_hsa04310,0.0,0.0
gene_PRKAR1B,PRKAR1B,8,0.5333333333333333,0.47074043188286696,0.42263303664952556,0.25106156367086235,IGF1_signaling,0.0,0.0
gene_CACNA2D1,CACNA2D1,13,0.8666666666666667,0.28885813245640746,0.24680869487357332,0.2503437147955531,MAPK_hsa04010,0.0,0.0
gene_TBL1Y,TBL1Y,13,0.8666666666666667,0.27687813971994873,0.2693575676343852,0.23996105442395557,WNT_hsa04310,0.0,0.0
gene_FGF20,FGF20,10,0.6666666666666666,0.34770157139188324,0.3031209167558791,0.2318010475945888,PI3K_Akt_hsa04151,0.0,0.0
gene_CASTOR1,CASTOR1,7,0.4666666666666667,-0.49197866838339976,-0.4457834304785974,0.22959004524558657,mTOR_hsa04150,0.0,0.0
gene_RASGRP3,RASGRP3,13,0.8666666666666667,0.26414632153080125,0.30542653014291515,0.2289268119933611,MAPK_hsa04010,0.0,0.0
gene_PIK3R2,PIK3R2,10,0.6666666666666666,0.3427513707659121,0.3487286721407942,0.2285009138439414,PI3K_Akt_hsa04151,0.0,0.0
gene_NPRL2,NPRL2,4,0.26666666666666666,0.8393321022344824,0.6795995951050176,0.2238218939291953,mTOR_hsa04150,0.0,0.0
gene_PTEN,PTEN,4,0.26666666666666666,-0.8219812391168242,-0.7607250689847789,0.21919499709781978,PI3K_Akt_hsa04151,0.0,0.0
gene_VEGFA,VEGFA,10,0.6666666666666666,-0.31913014326548245,-0.3228783803558314,0.21275342884365495,PI3K_Akt_hsa04151,0.0,0.0
gene_EFNA5,EFNA5,12,0.8,0.26206497019488567,0.27463611260009163,0.20965197615590855,PI3K_Akt_hsa04151,-0.0024159663865546133,0.0016306906193550388
gene_LAMB4,LAMB4,10,0.6666666666666666,0.3138542430533652,0.32740673702911155,0.20923616203557677,PI3K_Akt_hsa04151,0.0,0.0
gene_SFRP4,SFRP4,10,0.6666666666666666,0.3129466324890111,0.3528350165684196,0.2086310883260074,WNT_hsa04310,0.0,0.0
gene_CACNB3,CACNB3,11,0.7333333333333333,-0.28417644563830585,-0.365939988694337,0.20839606013475762,MAPK_hsa04010,0.0,0.00046976218014701295
gene_CHEK2,CHEK2,12,0.8,-0.260475563516414,-0.2876161458204705,0.2083804508131312,p53_hsa04115,-0.0046218487394958045,0.004702317076806584
gene_CD19,CD19,11,0.7333333333333333,-0.2829806048994057,-0.30076478040804716,0.20751911025956415,PI3K_Akt_hsa04151,0.0,0.0
gene_COL4A3,COL4A3,10,0.6666666666666666,-0.3091765180052467,-0.3054476934429117,0.20611767867016445,PI3K_Akt_hsa04151,-0.003151260504201703,0.001409286540441039
gene_ELK1,ELK1,12,0.8,0.2528569148941185,0.25571265246427516,0.2022855319152948,MAPK_hsa04010,-0.0031512605042016695,0.0016937516277938068
gene_CACNG3,CACNG3,12,0.8,0.250553942992014,0.22701063625592008,0.2004431543936112,MAPK_hsa04010,0.0,0.0
gene_PIK3CA,PIK3CA,12,0.8,-0.24519244201509505,-0.2660642070465291,0.19615395361207605,PI3K_Akt_hsa04151,0.0,0.0
gene_ANGPT4,ANGPT4,11,0.7333333333333333,0.2667930874522758,0.2846305036507279,0.19564826413166891,PI3K_Akt_hsa04151,0.0,0.0
gene_CACNA2D3,CACNA2D3,13,0.8666666666666667,0.22180271313923147,0.20637796705499636,0.1922290180540006,MAPK_hsa04010,0.0,0.0
gene_LPAR4,LPAR4,12,0.8,0.23969775564075743,0.24884367619870493,0.19175820451260595,PI3K_Akt_hsa04151,0.0,0.0
gene_BDNF,BDNF,14,0.9333333333333333,-0.20143611365126335,-0.21053087075376725,0.1880070394078458,PI3K_Akt_hsa04151,0.0,0.0
gene_FGF21,FGF21,4,0.26666666666666666,-0.6897922052505476,-0.6812016911063321,0.1839445880668127,PI3K_Akt_hsa04151,0.0,0.0
gene_ERBB3,ERBB3,12,0.8,0.22713630820141978,0.18792259932328018,0.18170904656113585,PI3K_Akt_hsa04151,0.0,0.0
gene_FZD10,FZD10,10,0.6666666666666666,0.27167796621442963,0.26152811464132664,0.1811186441429531,WNT_hsa04310,-0.00441176470588236,0.0018672677347301876
gene_POLD2,POLD2,14,0.9333333333333333,0.19011953299409548,0.1989666617528936,0.1774448974611558,MMR_hsa03430,0.0017857142857142683,0.005849435206859599
gene_MAGI2,MAGI2,9,0.6,-0.2938080039858548,-0.3398230542496647,0.1762848023915129,PI3K_Akt_hsa04151,0.0,0.0
gene_ATM,ATM,7,0.4666666666666667,0.3760133089130312,0.40390244995636415,0.1754728774927479,p53_hsa04115,0.0,0.0
gene_MAPK8IP1,MAPK8IP1,6,0.4,-0.43272619721779343,-0.4719243015168088,0.17309047888711737,MAPK_hsa04010,0.006092436974789906,0.004500900270090035
gene_HRAS,HRAS,8,0.5333333333333333,-0.32356414595729655,-0.3048456655367054,0.17256754451055817,PI3K_Akt_hsa04151,0.0,0.0
gene_YWHAE,YWHAE,6,0.4,-0.42410456618416437,-0.40812662446709963,0.16964182647366577,PI3K_Akt_hsa04151,0.0,0.0
gene_PRKAA2,PRKAA2,8,0.5333333333333333,0.3146023373853482,0.30649750943897797,0.1677879132721857,PI3K_Akt_hsa04151,0.0,0.0
gene_SLC38A9,SLC38A9,12,0.8,-0.20605549671111484,-0.21200610771572626,0.1648443973688919,mTOR_hsa04150,0.0,0.0
gene_TNR,TNR,11,0.7333333333333333,0.21861796640315823,0.17302820282145068,0.1603198420289827,PI3K_Akt_hsa04151,0.004831932773109215,0.007033894555791252
gene_COL9A1,COL9A1,11,0.7333333333333333,0.21825637863927508,0.23324462713241437,0.16005467766880171,PI3K_Akt_hsa04151,0.0,0.0
gene_IKBKG,IKBKG,12,0.8,-0.19942404160760624,-0.17783890722339057,0.159539233286085,PI3K_Akt_hsa04151,0.0,0.0
gene_STK4,STK4,12,0.8,0.19838656824667283,0.19839747101139413,0.15870925459733828,MAPK_hsa04010,0.0,0.0
gene_PIK3R4,PIK3R4,8,0.5333333333333333,-0.29153062814778896,-0.29717880768551347,0.1554830016788208,IGF1_signaling,-0.0009453781512605008,0.0010966708517763143
gene_ATP6V1C1,ATP6V1C1,11,0.7333333333333333,-0.20919325747063724,-0.19165184391525436,0.15340838881180063,mTOR_hsa04150,-0.0012605042016806788,0.004809043337083871
gene_AXIN2,AXIN2,12,0.8,-0.18874085177640737,-0.22062627565672865,0.1509926814211259,WNT_hsa04310,0.0,0.0
gene_TNFRSF1A,TNFRSF1A,8,0.5333333333333333,0.28210614967817155,0.23832228843942682,0.15045661316169148,mTOR_hsa04150,0.005252100840336127,0.010546134788244612
gene_RPS6KA2,RPS6KA2,7,0.4666666666666667,-0.3201600512540058,-0.27975587145724895,0.14940802391853605,mTOR_hsa04150,0.0,0.0
gene_CAMK2G,CAMK2G,12,0.8,-0.18457235734225141,-0.19927360286519072,0.14765788587380113,WNT_hsa04310,-0.0021008403361344463,0.004813629931676285
gene_RFC2,RFC2,9,0.6,0.24479713246729715,0.2789892172498366,0.1468782794803783,MMR_hsa03430,-0.003571428571428592,0.009618086674167735
gene_LPAR1,LPAR1,6,0.4,-0.36395968300435977,-0.3432866088936976,0.1455838732017439,PI3K_Akt_hsa04151,0.00021008403361344463,0.013251956964630406
gene_GNG12,GNG12,8,0.5333333333333333,0.26679411835150074,0.3288475045212781,0.14229019645413374,PI3K_Akt_hsa04151,0.0,0.0
gene_FGF8,FGF8,10,0.6666666666666666,-0.21308893788023092,-0.187536416240387,0.14205929192015393,PI3K_Akt_hsa04151,0.0,0.0
gene_NEDD4,NEDD4,12,0.8,0.17452698773440012,0.19151287189031416,0.1396215901875201,IGF1_signaling,0.0,0.0
gene_GNB3,GNB3,3,0.2,-0.691914874004099,-0.711272052843634,0.13838297480081982,PI3K_Akt_hsa04151,0.0,0.0
gene_PPP2R3A,PPP2R3A,9,0.6,-0.22990303387835337,-0.24305805602842964,0.13794182032701202,PI3K_Akt_hsa04151,0.0,0.0
gene_MCL1,MCL1,9,0.6,-0.22240829820305477,-0.1819334891996253,0.13344497892183285,PI3K_Akt_hsa04151,0.0,0.0
gene_ATF6B,ATF6B,10,0.6666666666666666,0.19769904971266852,0.24651343426810066,0.13179936647511234,PI3K_Akt_hsa04151,0.0,0.0
gene_NLK,NLK,7,0.4666666666666667,0.2807855359321802,0.18197670663032847,0.1310332501016841,WNT_hsa04310,0.0,0.0
gene_CDKN2A,CDKN2A,10,0.6666666666666666,-0.19605066521234576,-0.2219049846299141,0.13070044347489718,p53_hsa04115,0.0,0.0
gene_MAPK11,MAPK11,5,0.3333333333333333,-0.39027831945399616,-0.3652757707836315,0.13009277315133205,MAPK_hsa04010,0.0,0.0
gene_RICTOR,RICTOR,9,0.6,0.2150913441388841,0.21102237346234476,0.12905480648333045,mTOR_hsa04150,0.0,0.0
gene_DKK4,DKK4,7,0.4666666666666667,-0.275256799389669,-0.2801566103168008,0.1284531730485122,WNT_hsa04310,0.0,0.0
gene_CACNA1B,CACNA1B,6,0.4,-0.32094993379197573,-0.289223122188313,0.12837997351679029,MAPK_hsa04010,0.0,0.0
gene_CACNG7,CACNG7,3,0.2,-0.6327707903057416,-0.6311812246747256,0.1265541580611483,MAPK_hsa04010,-0.012605042016806733,0.0065092157079116
gene_SLC7A5,SLC7A5,3,0.2,0.6234099060474388,0.5677569243221335,0.12468198120948777,mTOR_hsa04150,-0.0021008403361344576,0.0029710368957418056
gene_GNGT1,GNGT1,13,0.8666666666666667,0.1432304251255786,0.13699978429655627,0.12413303510883479,PI3K_Akt_hsa04151,0.0,0.0
gene_RRAGC,RRAGC,9,0.6,-0.2065413268791632,-0.1940951248072418,0.12392479612749792,mTOR_hsa04150,0.0,0.0
gene_CACYBP,CACYBP,10,0.6666666666666666,0.1856009359342216,0.18674674307192024,0.12373395728948107,WNT_hsa04310,0.0,0.0
gene_ITGA10,ITGA10,11,0.7333333333333333,-0.1674496071099472,-0.191598620280522,0.1227963785472946,PI3K_Akt_hsa04151,0.0028361344537814913,0.004745528150452343
gene_TBC1D7,TBC1D7,13,0.8666666666666667,0.13821960379848988,0.19172279305583956,0.11979032329202456,mTOR_hsa04150,-0.0025210084033613356,0.0027472052165172216
gene_CDC25B,CDC25B,12,0.8,-0.14919938309140413,-0.14300366950546675,0.11935950647312331,MAPK_hsa04010,0.0,0.0
gene_MSH6,MSH6,10,0.6666666666666666,-0.1785981235010091,-0.19272975954227534,0.11906541566733939,MMR_hsa03430,0.0,0.0
gene_RALA,RALA,8,0.5333333333333333,-0.22217190821371566,-0.2387291469675077,0.11849168438064835,IGF1_signaling,0.0,0.0
gene_RRAS2,RRAS2,5,0.3333333333333333,-0.3515448474357663,-0.2933507807450728,0.1171816158119221,MAPK_hsa04010,0.0,0.0
gene_CACNA2D2,CACNA2D2,9,0.6,0.1938334837984976,0.18629648493344886,0.11630009027909856,MAPK_hsa04010,0.0,0.0
gene_CCN3,CCN3,8,0.5333333333333333,-0.2152703492770942,-0.21220855205872424,0.11481085294778358,IGF1_signaling,0.0,0.0
gene_GADD45A,GADD45A,4,0.26666666666666666,-0.42774704782291506,-0.45573282377616564,0.11406587941944402,p53_hsa04115,-0.011449579831932765,0.007404530902763494
gene_WNT3A,WNT3A,3,0.2,-0.5682188079581387,-0.40410334958950545,0.11364376159162776,WNT_hsa04310,0.0,0.0
gene_LPAR5,LPAR5,3,0.2,-0.562931409408765,-0.5464721662162995,0.112586281881753,PI3K_Akt_hsa04151,0.0,0.0
gene_FN1,FN1,10,0.6666666666666666,0.1674486645056634,0.1885413881031113,0.11163244300377559,PI3K_Akt_hsa04151,0.0,0.0
gene_TLE3,TLE3,6,0.4,-0.2787026924173528,-0.2610351699109293,0.11148107696694112,WNT_hsa04310,0.0,0.0
gene_DDIT3,DDIT3,11,0.7333333333333333,0.15154122163636796,0.2741280585504949,0.11113022920000316,MAPK_hsa04010,0.0011554621848739455,0.005665456537883108
gene_LAMC1,LAMC1,11,0.7333333333333333,0.15021971487878988,0.17483726514279338,0.11016112424444591,PI3K_Akt_hsa04151,0.0,0.0
gene_GNG3,GNG3,7,0.4666666666666667,0.23506253152532905,0.15143377017678872,0.10969584804515356,PI3K_Akt_hsa04151,0.0,0.0
gene_CAB39L,CAB39L,5,0.3333333333333333,-0.32733593507172687,-0.34784678785113005,0.10911197835724229,mTOR_hsa04150,0.0,0.0
gene_RET,RET,10,0.6666666666666666,0.1607804409078044,0.2501182679340192,0.10718696060520294,PI3K_Akt_hsa04151,0.0,0.0
gene_IL6R,IL6R,8,0.5333333333333333,0.19678997690164476,0.2295371231774438,0.10495465434754388,PI3K_Akt_hsa04151,0.0,0.0
gene_RAP1A,RAP1A,8,0.5333333333333333,0.19548993886939436,0.2128712008573957,0.10426130073034366,MAPK_hsa04010,0.0,0.0
gene_SERPINE1,SERPINE1,8,0.5333333333333333,0.19207581677944346,0.2277638393594287,0.10244043561570318,p53_hsa04115,0.0,0.0
gene_CSNK2A1,CSNK2A1,8,0.5333333333333333,-0.19130440859933742,-0.19391536984313015,0.10202901791964662,WNT_hsa04310,0.0024159663865546245,0.004015024128911003
gene_ITGA7,ITGA7,8,0.5333333333333333,-0.18593660421944974,-0.20204700334714218,0.09916618891703986,PI3K_Akt_hsa04151,0.0,0.0
gene_BAD,BAD,9,0.6,0.16448967297840952,0.11236717038075117,0.09869380378704572,PI3K_Akt_hsa04151,0.0,0.0
gene_MSH2,MSH2,9,0.6,-0.16352839742630368,-0.20831628027932914,0.09811703845578221,MMR_hsa03430,0.0,0.0
gene_IFNA10,IFNA10,7,0.4666666666666667,0.2097489901840349,0.15792825577971656,0.09788286208588295,PI3K_Akt_hsa04151,0.0,0.0
gene_HSP90AA1,HSP90AA1,10,0.6666666666666666,0.14641640264099354,0.1943597591564224,0.09761093509399568,PI3K_Akt_hsa04151,0.0,0.0
gene_COL6A5,COL6A5,13,0.8666666666666667,0.11254471492554129,0.13910497358788446,0.09753875293546913,PI3K_Akt_hsa04151,0.0015756302521008347,0.0010763603745755843
gene_FGF3,FGF3,8,0.5333333333333333,0.18035699258612936,0.1458257591382216,0.09619039604593566,PI3K_Akt_hsa04151,0.0,0.0
gene_IGFBP4,IGFBP4,8,0.5333333333333333,0.17787800048251523,0.09184811556885758,0.09486826692400813,IGF1_signaling,0.0,0.0
gene_HSP90B1,HSP90B1,9,0.6,-0.15367768104959217,-0.16277875678447884,0.0922066086297553,PI3K_Akt_hsa04151,-0.00021008403361343352,0.004426745274307871
gene_DUSP3,DUSP3,7,0.4666666666666667,-0.19728805345842254,-0.23920767182371003,0.09206775828059718,MAPK_hsa04010,0.0,0.0
gene_ITGA5,ITGA5,6,0.4,-0.22762166385867527,-0.1957310920445725,0.09104866554347012,PI3K_Akt_hsa04151,0.01386554621848739,0.005454098733507191
gene_DAAM1,DAAM1,2,0.13333333333333333,0.6713609286243503,0.6713609286243503,0.0895147904832467,WNT_hsa04310,0.0,0.0
gene_FGF4,FGF4,7,0.4666666666666667,0.1885043023666967,0.2072647250934732,0.0879686744377918,PI3K_Akt_hsa04151,0.0,0.0
gene_PRR5,PRR5,8,0.5333333333333333,-0.16449287499889226,-0.20497705261887195,0.08772953333274254,mTOR_hsa04150,0.0,0.0
gene_PIDD1,PIDD1,10,0.6666666666666666,-0.1306927851360098,-0.15840048273716517,0.08712852342400652,p53_hsa04115,0.0,0.0
gene_IRAK4,IRAK4,9,0.6,-0.14472381166342405,-0.27756980143755106,0.08683428699805443,MAPK_hsa04010,0.0,0.0
gene_NRAS,NRAS,7,0.4666666666666667,-0.18581125464800555,-0.18723965551524654,0.08671191883573592,PI3K_Akt_hsa04151,0.0,0.0
gene_PIK3R3,PIK3R3,4,0.26666666666666666,-0.32486821120160353,-0.31305262562417135,0.08663152298709427,PI3K_Akt_hsa04151,0.0,0.0
gene_ERAS,ERAS,3,0.2,0.43181174880948997,0.4406258086545745,0.086362349761898,IGF1_signaling,0.0,0.0
gene_LAMA5,LAMA5,5,0.3333333333333333,-0.25524977788817815,-0.2754353234876009,0.08508325929605938,PI3K_Akt_hsa04151,0.0,0.0
gene_SGK2,SGK2,6,0.4,0.21148216653714003,0.20426931325545739,0.08459286661485602,PI3K_Akt_hsa04151,0.0,0.0
gene_SOX17,SOX17,6,0.4,0.21128309507017778,0.23968123080794856,0.08451323802807112,WNT_hsa04310,0.0,0.0
gene_ERBB2,ERBB2,11,0.7333333333333333,-0.11505761902155656,-0.09209199781521483,0.08437558728247481,PI3K_Akt_hsa04151,0.0,0.0
gene_RRAGA,RRAGA,13,0.8666666666666667,0.09666134420969122,0.12540389839251873,0.08377316498173239,mTOR_hsa04150,0.0,0.0
gene_GNG4,GNG4,3,0.2,-0.41669137864241323,-0.3716039141624727,0.08333827572848265,PI3K_Akt_hsa04151,0.0,0.0
gene_MAP3K21,MAP3K21,8,0.5333333333333333,-0.1561848285878108,-0.12284859314159358,0.08329857524683243,MAPK_hsa04010,0.0,0.0
gene_THEM4,THEM4,8,0.5333333333333333,0.15480124536380122,0.16641188429995904,0.08256066419402731,PI3K_Akt_hsa04151,0.0,0.0
gene_CACNA1D,CACNA1D,5,0.3333333333333333,0.24743619942961412,0.31359634255193514,0.0824787331432047,MAPK_hsa04010,0.0,0.0
gene_PSPN,PSPN,7,0.4666666666666667,-0.17671394043265026,-0.16827729805865532,0.0824665055352368,PI3K_Akt_hsa04151,0.0,0.0
gene_CCNE2,CCNE2,5,0.3333333333333333,0.2454255802886237,0.1954647884715134,0.08180852676287456,PI3K_Akt_hsa04151,0.0,0.0
gene_TP53,TP53,4,0.26666666666666666,-0.3058214647057328,-0.2814741588630844,0.08155239058819541,WNT_hsa04310,0.0,0.0
gene_TAOK3,TAOK3,8,0.5333333333333333,-0.15158186378705055,-0.18431180284155846,0.08084366068642695,MAPK_hsa04010,0.0,0.0
gene_MAPKAPK5,MAPKAPK5,3,0.2,-0.4001079816690493,-0.40804904321439683,0.08002159633380987,MAPK_hsa04010,0.0,0.0
gene_IFNA8,IFNA8,6,0.4,0.19757058406225322,0.18715152654139475,0.0790282336249013,PI3K_Akt_hsa04151,0.0,0.0
gene_GSK3B,GSK3B,5,0.3333333333333333,-0.23695696122856227,-0.20827776658863892,0.07898565374285409,WNT_hsa04310,0.0,0.0
gene_STK11,STK11,7,0.4666666666666667,-0.1689455926444835,-0.152487640895727,0.07884127656742564,PI3K_Akt_hsa04151,0.0,0.0
gene_PPP2R5A,PPP2R5A,9,0.6,0.12605527424194782,0.17377842666094925,0.07563316454516869,PI3K_Akt_hsa04151,0.0,0.0
gene_MAP2K1,MAP2K1,6,0.4,0.18884143513298451,0.19901797457167222,0.0755365740531938,PI3K_Akt_hsa04151,0.0,0.0
gene_RPRM,RPRM,7,0.4666666666666667,0.1616483441344802,0.1846630881865202,0.0754358939294241,p53_hsa04115,0.0,0.0
gene_CASP8,CASP8,8,0.5333333333333333,0.14078102712931714,0.1326515120620091,0.07508321446896914,p53_hsa04115,0.0,0.0
gene_EIF4EBP1,EIF4EBP1,5,0.3333333333333333,0.22264062058628048,0.24926967977740394,0.07421354019542682,PI3K_Akt_hsa04151,0.0,0.0
gene_ANGPT2,ANGPT2,2,0.13333333333333333,-0.5561769998696053,-0.5561769998696053,0.07415693331594737,PI3K_Akt_hsa04151,-0.0014705882352941235,0.0020040739525566047
gene_IL4,IL4,6,0.4,-0.1847982848351902,-0.17535064162063052,0.07391931393407608,PI3K_Akt_hsa04151,-0.0009453781512604898,0.0021756633589504097
gene_MTCP1,MTCP1,10,0.6666666666666666,0.10989564765684352,0.07983523388838729,0.07326376510456234,PI3K_Akt_hsa04151,0.0005252100840336226,0.005381801872877935
gene_APCDD1L,APCDD1L,6,0.4,0.18252674819547793,0.2152543253328004,0.07301069927819118,WNT_hsa04310,0.006512605042016806,0.0063513514528701475
gene_RAP2B,RAP2B,8,0.5333333333333333,0.13538454849941656,0.20462679659203348,0.07220509253302217,IGF1_signaling,0.007878151260504196,0.008030735261994697
gene_TLE2,TLE2,9,0.6,0.11703422719434281,0.137025504653704,0.07022053631660569,WNT_hsa04310,0.0,0.0
gene_COL6A1,COL6A1,8,0.5333333333333333,-0.13157244497451515,-0.14777016631538012,0.07017197065307475,PI3K_Akt_hsa04151,0.0,0.0
gene_F2R,F2R,4,0.26666666666666666,0.2598483324038261,0.2250710193941107,0.06929288864102029,PI3K_Akt_hsa04151,0.0,0.0
gene_TNFRSF10A,TNFRSF10A,2,0.13333333333333333,0.5188171337349394,0.5188171337349394,0.06917561783132525,p53_hsa04115,0.0017857142857142683,0.0023037512814560353
gene_COP1,COP1,5,0.3333333333333333,-0.20403126819900524,-0.2042853941543421,0.06801042273300174,p53_hsa04115,0.0,0.0
gene_RHEB,RHEB,5,0.3333333333333333,0.20376774061045763,0.1832536319883323,0.06792258020348588,PI3K_Akt_hsa04151,0.0,0.0
gene_ATP6V1F,ATP6V1F,2,0.13333333333333333,0.5088200536079965,0.5088200536079965,0.06784267381439954,mTOR_hsa04150,0.0,0.0
gene_DAAM2,DAAM2,6,0.4,0.16909237688659845,0.21347790427228522,0.06763695075463938,WNT_hsa04310,0.0,0.0
gene_PIK3CB,PIK3CB,7,0.4666666666666667,-0.14488025754511522,-0.15923850689051472,0.0676107868543871,PI3K_Akt_hsa04151,0.0,0.0
gene_CDKN1A,CDKN1A,5,0.3333333333333333,-0.20257099555744118,-0.17708999396082334,0.06752366518581372,PI3K_Akt_hsa04151,0.0,0.0018193811003874697
gene_COL4A4,COL4A4,8,0.5333333333333333,-0.12635023537665205,-0.14531537929819743,0.06738679220088109,PI3K_Akt_hsa04151,0.0,0.0
gene_SEH1L,SEH1L,9,0.6,-0.11109278542022535,-0.1537752766668602,0.06665567125213522,mTOR_hsa04150,0.0,0.0
gene_FZD7,FZD7,8,0.5333333333333333,0.12410025331641569,0.1330220925601873,0.06618680176875504,WNT_hsa04310,0.0,0.0
gene_ERBB4,ERBB4,8,0.5333333333333333,-0.12247477404602983,-0.13091649910610195,0.06531987949121591,PI3K_Akt_hsa04151,0.0,0.0
gene_NKD1,NKD1,9,0.6,-0.10601566354756996,-0.12823779697759466,0.06360939812854197,WNT_hsa04310,0.0,0.0
gene_PRL,PRL,1,0.06666666666666667,-0.9464011729921624,-0.9464011729921624,0.06309341153281083,PI3K_Akt_hsa04151,0.0,0.0
gene_CSF3,CSF3,10,0.6666666666666666,-0.09433545295174467,-0.10711711424822942,0.06289030196782977,PI3K_Akt_hsa04151,0.0,0.0
gene_PRICKLE3,PRICKLE3,5,0.3333333333333333,-0.18851271289612614,-0.25606093946097574,0.06283757096537537,WNT_hsa04310,0.0,0.0
gene_PGF,PGF,6,0.4,0.15644020677049625,0.18033337960567655,0.0625760827081985,PI3K_Akt_hsa04151,0.0,0.0
gene_MAGI1,MAGI1,5,0.3333333333333333,0.18467755449331472,0.17151088739623616,0.0615591848311049,PI3K_Akt_hsa04151,0.0,0.0
gene_RASGRF2,RASGRF2,2,0.13333333333333333,0.4603203780044761,0.4603203780044761,0.061376050400596814,MAPK_hsa04010,0.0,0.0
gene_SOCS3,SOCS3,7,0.4666666666666667,0.1311269990539503,0.1330253365169113,0.06119259955851015,IGF1_signaling,0.0017857142857142794,0.0019397253479642145
gene_SENP2,SENP2,10,0.6666666666666666,-0.09104272509200673,-0.14352636557552909,0.06069515006133781,WNT_hsa04310,0.008298319327731053,0.006617647058823525
gene_ATP6V1C2,ATP6V1C2,6,0.4,0.14988654815825772,0.1416435071406701,0.05995461926330309,mTOR_hsa04150,0.0,0.0
gene_NTF3,NTF3,5,0.3333333333333333,0.17970524594036894,0.1912961166301063,0.05990174864678964,PI3K_Akt_hsa04151,0.0,0.0
gene_COL1A2,COL1A2,7,0.4666666666666667,-0.12822843387009836,-0.14824340690934767,0.0598399358060459,PI3K_Akt_hsa04151,0.0,0.0
gene_CDK6,CDK6,2,0.13333333333333333,-0.44816578333708035,-0.44816578333708035,0.05975543777827738,PI3K_Akt_hsa04151,0.0,0.0
gene_RASGRF1,RASGRF1,7,0.4666666666666667,0.12742853275817595,0.11433594775324228,0.059466648620482114,MAPK_hsa04010,0.0,0.0
gene_IL2RB,IL2RB,3,0.2,-0.29491755752958404,-0.33833476652249733,0.05898351150591681,PI3K_Akt_hsa04151,0.0,0.0
gene_TCF7,TCF7,8,0.5333333333333333,-0.10921042450774582,-0.1492007744371723,0.05824555973746443,WNT_hsa04310,0.0,0.0
gene_MAPK7,MAPK7,3,0.2,-0.2817761090415029,-0.35824609815675523,0.05635522180830058,MAPK_hsa04010,-0.001680672268907557,0.0021113184077984986
gene_FGF22,FGF22,7,0.4666666666666667,-0.12051036643974407,-0.14009399861410488,0.0562381710052139,PI3K_Akt_hsa04151,0.0,0.0
gene_NTRK2,NTRK2,3,0.2,0.28027717874697966,0.2210173101105131,0.056055435749395935,PI3K_Akt_hsa04151,0.0,0.0
gene_ATP6V1G3,ATP6V1G3,2,0.13333333333333333,0.41790704520858735,0.41790704520858735,0.05572093936114498,mTOR_hsa04150,-0.0240546218487395,0.009306153595286925
gene_DVL3,DVL3,3,0.2,-0.2766283955513828,-0.3247712882153793,0.05532567911027656,WNT_hsa04310,0.0,0.0
gene_JAK1,JAK1,7,0.4666666666666667,-0.11827230957222941,-0.1535057850597163,0.05519374446704039,PI3K_Akt_hsa04151,0.0,0.0
gene_LAMTOR5,LAMTOR5,5,0.3333333333333333,0.1636919898239121,0.1547659361507558,0.05456399660797069,mTOR_hsa04150,0.0,0.0
gene_CSH1,CSH1,6,0.4,0.13535907199983996,0.14279134414169722,0.054143628799935985,PI3K_Akt_hsa04151,0.0,0.0
gene_PRKCI,PRKCI,9,0.6,-0.0900830605352444,-0.1185381078131918,0.054049836321146634,IGF1_signaling,0.0,0.0
gene_IFNA14,IFNA14,7,0.4666666666666667,0.11493887178836054,0.13681595812695438,0.05363814016790159,PI3K_Akt_hsa04151,0.0,0.0
gene_PLA2G4B,PLA2G4B,3,0.2,-0.26796854479935445,-0.2113885247156283,0.053593708959870895,MAPK_hsa04010,0.0,0.0
gene_IKBKB,IKBKB,10,0.6666666666666666,-0.07997069782433033,-0.09810042046326531,0.05331379854955355,PI3K_Akt_hsa04151,0.0,0.0
gene_FGF19,FGF19,8,0.5333333333333333,0.09901460691867545,0.10962324244938501,0.0528077903566269,PI3K_Akt_hsa04151,0.0,0.0
gene_CREB1,CREB1,7,0.4666666666666667,-0.11244644327788052,-0.12087009362950177,0.05247500686301091,PI3K_Akt_hsa04151,0.0,0.0
gene_ATP6V1H,ATP6V1H,5,0.3333333333333333,0.15719702173381997,0.12902182206997845,0.05239900724460665,mTOR_hsa04150,-0.0027310924369747915,0.003763964888060706
gene_CSNK1A1L,CSNK1A1L,3,0.2,0.2608083775330355,0.24659043330385821,0.0521616755066071,WNT_hsa04310,0.0,0.0
gene_COL4A1,COL4A1,2,0.13333333333333333,-0.3891380473584684,-0.3891380473584684,0.05188507298112912,PI3K_Akt_hsa04151,0.0,0.0
gene_MAP3K8,MAP3K8,1,0.06666666666666667,-0.7708599656548861,-0.7708599656548861,0.051390664376992405,MAPK_hsa04010,0.0,0.0
gene_HSPA1A,HSPA1A,6,0.4,-0.1273243361587294,-0.13080209431311587,0.05092973446349176,MAPK_hsa04010,0.0,0.0
gene_RPA3,RPA3,4,0.26666666666666666,-0.18906870651903585,-0.14379536974790114,0.05041832173840956,MMR_hsa03430,0.0,0.0
gene_CREB3L1,CREB3L1,8,0.5333333333333333,-0.09390278812708655,-0.15491919577592494,0.050081487001112826,PI3K_Akt_hsa04151,0.0,0.0
gene_PRLR,PRLR,2,0.13333333333333333,-0.3744573853131802,-0.3744573853131802,0.04992765137509069,PI3K_Akt_hsa04151,-0.007457983193277307,0.009318002535145005
gene_DUSP4,DUSP4,6,0.4,-0.12147831742567171,-0.10940095573331272,0.04859132697026869,MAPK_hsa04010,0.00031512605042016695,0.0011554621848739455
gene_VEGFB,VEGFB,2,0.13333333333333333,0.3623200287889524,0.3623200287889524,0.048309337171860325,PI3K_Akt_hsa04151,0.0,0.0
gene_PAK1,PAK1,2,0.13333333333333333,0.3591929905954028,0.3591929905954028,0.0478923987460537,MAPK_hsa04010,-0.003256302521008392,0.002505642949974059
gene_DUSP7,DUSP7,2,0.13333333333333333,0.3523384904917706,0.3523384904917706,0.04697846539890274,MAPK_hsa04010,0.0,0.0
gene_RPS6,RPS6,2,0.13333333333333333,-0.3522599047895073,-0.3522599047895073,0.04696798730526764,PI3K_Akt_hsa04151,-0.013865546218487401,0.010934465277036218
gene_SRF,SRF,5,0.3333333333333333,-0.14072305075502187,-0.09569093971259265,0.046907683585007284,MAPK_hsa04010,-0.005252100840336116,0.0029710368957417857
gene_PHLPP2,PHLPP2,1,0.06666666666666667,-0.6836715556178805,-0.6836715556178805,0.0455781037078587,PI3K_Akt_hsa04151,0.0,0.0
gene_RPS6KA1,RPS6KA1,2,0.13333333333333333,0.34051363167572213,0.34051363167572213,0.04540181755676295,mTOR_hsa04150,0.005252100840336116,0.006742355687345065
gene_PPP2R1B,PPP2R1B,6,0.4,-0.1130961801987407,-0.11300858512500835,0.04523847207949628,PI3K_Akt_hsa04151,0.0,0.0
gene_TRADD,TRADD,7,0.4666666666666667,-0.09529767342987563,-0.07827008824055136,0.04447224760060863,MAPK_hsa04010,0.0,0.0
gene_ARRB1,ARRB1,9,0.6,-0.0739652440565755,-0.10741179551292145,0.0443791464339453,MAPK_hsa04010,0.0,0.0
gene_MAP3K12,MAP3K12,2,0.13333333333333333,-0.33164731358842736,-0.33164731358842736,0.04421964181179031,MAPK_hsa04010,0.0026260504201680466,0.008485028582669902
gene_RELN,RELN,5,0.3333333333333333,0.13252369184796917,0.14843474124505115,0.04417456394932305,PI3K_Akt_hsa04151,0.0,0.0
gene_RPS6KA6,RPS6KA6,9,0.6,-0.07280554022529885,-0.07157165309169297,0.04368332413517931,mTOR_hsa04150,0.0,0.0
gene_APCDD1,APCDD1,4,0.26666666666666666,0.16372819530009095,0.17132603450871606,0.04366085208002425,WNT_hsa04310,0.0,0.0
gene_IGFBP2,IGFBP2,6,0.4,0.10898955142888866,0.1838140114007187,0.04359582057155547,IGF1_signaling,-0.00021008403361345574,0.0028497184803047363
gene_IRS2,IRS2,2,0.13333333333333333,-0.3264835243399651,-0.3264835243399651,0.04353113657866201,IGF1_signaling,0.0,0.0
gene_MKNK1,MKNK1,5,0.3333333333333333,0.13009940468615716,0.19361949174518392,0.04336646822871905,MAPK_hsa04010,0.0,0.0
gene_LAMA3,LAMA3,2,0.13333333333333333,0.3239073879994414,0.3239073879994414,0.04318765173325886,PI3K_Akt_hsa04151,0.0,0.0
gene_IL7,IL7,1,0.06666666666666667,-0.6451822089484599,-0.6451822089484599,0.04301214726323066,PI3K_Akt_hsa04151,0.0,0.0
gene_IRAK1,IRAK1,5,0.3333333333333333,-0.1270214696367265,-0.1391418928786905,0.04234048987890883,MAPK_hsa04010,0.0010504201680672232,0.007516194882352207
gene_IFNA21,IFNA21,4,0.26666666666666666,0.15865094366997573,0.1453621479274919,0.04230691831199353,PI3K_Akt_hsa04151,0.0,0.0
gene_EFNA1,EFNA1,12,0.8,0.052289517706001,0.0653385016970971,0.0418316141648008,PI3K_Akt_hsa04151,0.014600840336134435,0.0086038325124896
gene_PIK3C2G,PIK3C2G,3,0.2,-0.20847901520888,-0.2215191686735388,0.041695803041776,IGF1_signaling,0.0,0.0
gene_RALB,RALB,4,0.26666666666666666,-0.15602422828473858,-0.1411865878219322,0.041606460875930285,IGF1_signaling,0.011029411764705843,0.007807809216028599
gene_FASLG,FASLG,8,0.5333333333333333,-0.0773968909723071,-0.11138085650565191,0.041278341851897125,PI3K_Akt_hsa04151,0.0,0.0
gene_CAMK2D,CAMK2D,3,0.2,0.20467718713539002,0.22716885261052702,0.040935437427078,WNT_hsa04310,0.0,0.0
gene_CYCS,CYCS,4,0.26666666666666666,0.15337731187869574,0.14309633684020956,0.04090061650098553,p53_hsa04115,0.0,0.0
gene_PRKCG,PRKCG,2,0.13333333333333333,-0.30215322488358687,-0.30215322488358687,0.04028709665114492,WNT_hsa04310,0.0,0.0
gene_BCL2,BCL2,3,0.2,0.20111471618752258,0.07655802330560788,0.04022294323750452,PI3K_Akt_hsa04151,0.0,0.0
gene_GADD45B,GADD45B,3,0.2,0.19990588797853448,0.2647339260286109,0.0399811775957069,p53_hsa04115,0.0,0.0
gene_ANGPT1,ANGPT1,5,0.3333333333333333,-0.119143331518383,-0.04704287819604748,0.039714443839460996,PI3K_Akt_hsa04151,0.0,0.0
gene_FGF5,FGF5,1,0.06666666666666667,-0.5926284613806296,-0.5926284613806296,0.039508564092041974,PI3K_Akt_hsa04151,0.0,0.0
gene_ROR2,ROR2,1,0.06666666666666667,0.5861543504296616,0.5861543504296616,0.03907695669531077,WNT_hsa04310,0.0,0.0
gene_STRADB,STRADB,10,0.6666666666666666,-0.05756447204041549,-0.09033213044958553,0.038376314693610324,mTOR_hsa04150,0.0,0.0
gene_CDKN1B,CDKN1B,4,0.26666666666666666,-0.14344727010592861,-0.14998313595355112,0.03825260536158096,PI3K_Akt_hsa04151,0.0,0.0
gene_PRKAA1,PRKAA1,8,0.5333333333333333,0.07164188110582474,0.0992509932344642,0.03820900325643986,PI3K_Akt_hsa04151,0.0,0.0
gene_FOS,FOS,1,0.06666666666666667,-0.572582085582442,-0.572582085582442,0.03817213903882946,MAPK_hsa04010,0.0,0.0
gene_EREG,EREG,3,0.2,0.18911628557450713,0.23064773697490767,0.03782325711490143,PI3K_Akt_hsa04151,0.0,0.0
gene_CER1,CER1,1,0.06666666666666667,-0.5661040784334969,-0.5661040784334969,0.03774027189556646,WNT_hsa04310,0.0,0.0
gene_AKT1,AKT1,2,0.13333333333333333,-0.278196445287929,-0.278196445287929,0.037092859371723866,PI3K_Akt_hsa04151,0.0,0.0
gene_MAP3K3,MAP3K3,2,0.13333333333333333,0.2764362320106275,0.2764362320106275,0.036858164268083665,MAPK_hsa04010,0.0,0.0
gene_CTBP2,CTBP2,1,0.06666666666666667,-0.5445948515127266,-0.5445948515127266,0.03630632343418177,WNT_hsa04310,0.0,0.0
gene_PRKAG1,PRKAG1,4,0.26666666666666666,0.13557222005585595,0.12256066416243011,0.03615259201489492,IGF1_signaling,-0.0015756302521008347,0.002165496652110108
gene_THBS1,THBS1,2,0.13333333333333333,0.26638579776730353,0.26638579776730353,0.035518106368973804,PI3K_Akt_hsa04151,-0.02058823529411764,0.008016295810226441
gene_ATR,ATR,4,0.26666666666666666,-0.13236213836550756,-0.10989365388297506,0.035296570230802016,p53_hsa04115,0.00042016806722688926,0.0015721249524260203
gene_RFC3,RFC3,3,0.2,-0.17637805653094354,-0.18150357026572608,0.03527561130618871,MMR_hsa03430,0.0,0.0
gene_CACNA1I,CACNA1I,2,0.13333333333333333,-0.26316222788513743,-0.26316222788513743,0.035088297051351656,MAPK_hsa04010,0.0,0.0
gene_GNG11,GNG11,3,0.2,-0.17425992103562898,-0.1955986680690743,0.0348519842071258,PI3K_Akt_hsa04151,0.0,0.0
gene_RRM2,RRM2,8,0.5333333333333333,0.06481911917431041,0.09155930141925595,0.03457019689296555,p53_hsa04115,0.0,0.0
gene_PCK1,PCK1,5,0.3333333333333333,0.1034299355886342,0.0547709806775711,0.034476645196211395,PI3K_Akt_hsa04151,0.0015756302521008126,0.005463194799977217
gene_GNB5,GNB5,6,0.4,0.08613257425335503,0.10793084739361004,0.034453029701342015,PI3K_Akt_hsa04151,0.0,0.0
gene_G6PC3,G6PC3,5,0.3333333333333333,-0.10320174859821328,-0.058462869896181865,0.03440058286607109,PI3K_Akt_hsa04151,0.0,0.0
gene_PIK3R1,PIK3R1,4,0.26666666666666666,0.1270143021194611,0.117124042712172,0.033870480565189626,PI3K_Akt_hsa04151,0.0,0.0
gene_WNT8A,WNT8A,1,0.06666666666666667,-0.5072935560510786,-0.5072935560510786,0.03381957040340524,WNT_hsa04310,0.0009453781512605008,0.000990964404627791
gene_PPP2R2B,PPP2R2B,3,0.2,0.1688581402773242,0.1443716240662759,0.033771628055464846,PI3K_Akt_hsa04151,0.010504201680672232,0.010053349675634793
gene_RPS6KA3,RPS6KA3,4,0.26666666666666666,-0.12657836783138976,-0.11004806558832901,0.03375423142170394,mTOR_hsa04150,0.0,0.0
gene_ATP6V1E2,ATP6V1E2,7,0.4666666666666667,-0.07230979889495996,-0.054003385094408975,0.033744572817647984,mTOR_hsa04150,-0.0033613445378151583,0.008595492666167558
gene_FGF1,FGF1,2,0.13333333333333333,-0.2509530971161018,-0.2509530971161018,0.03346041294881357,PI3K_Akt_hsa04151,0.0,0.0
gene_ZNF385A,ZNF385A,4,0.26666666666666666,-0.1251652647455395,-0.16090411313135042,0.03337740393214386,p53_hsa04115,0.0,0.0
gene_RPA4,RPA4,4,0.26666666666666666,0.12469312736915997,0.1330891649987022,0.03325150063177599,MMR_hsa03430,0.0,0.0
gene_CACNA1A,CACNA1A,1,0.06666666666666667,-0.4982412257619491,-0.4982412257619491,0.03321608171746328,MAPK_hsa04010,0.0,0.0
gene_RAC1,RAC1,1,0.06666666666666667,0.49590387491849075,0.49590387491849075,0.03306025832789938,WNT_hsa04310,0.0,0.0
gene_FRAT1,FRAT1,2,0.13333333333333333,-0.24623891636819012,-0.24623891636819012,0.03283185551575868,WNT_hsa04310,0.0,0.0
gene_CREB3,CREB3,2,0.13333333333333333,0.24512589670781454,0.24512589670781454,0.03268345289437527,PI3K_Akt_hsa04151,0.0,0.0
gene_HGF,HGF,2,0.13333333333333333,0.24287101860193072,0.24287101860193072,0.032382802480257426,PI3K_Akt_hsa04151,0.0,0.0
gene_RELB,RELB,6,0.4,0.0809231230911426,0.1083128665941036,0.032369249236457044,MAPK_hsa04010,0.0,0.0
gene_STMN1,STMN1,6,0.4,0.08069137029765686,0.1334556782130648,0.03227654811906274,MAPK_hsa04010,0.0,0.0
gene_PMS2,PMS2,2,0.13333333333333333,-0.23301586318043377,-0.23301586318043377,0.031068781757391167,MMR_hsa03430,0.0,0.0
gene_ATP6V1B1,ATP6V1B1,3,0.2,-0.15532739224584072,-0.09652762329087942,0.031065478449168144,mTOR_hsa04150,0.0,0.0
gene_SPP1,SPP1,3,0.2,-0.15471702764851175,-0.13882400906943296,0.03094340552970235,PI3K_Akt_hsa04151,0.0,0.0
gene_RSPO1,RSPO1,1,0.06666666666666667,0.45890088326289685,0.45890088326289685,0.030593392217526456,WNT_hsa04310,0.0,0.0
gene_YWHAG,YWHAG,9,0.6,0.050609660424417204,0.08662742995473867,0.030365796254650322,PI3K_Akt_hsa04151,0.0,0.0
gene_FZD6,FZD6,2,0.13333333333333333,0.22577755549619838,0.22577755549619838,0.030103674066159783,WNT_hsa04310,0.0017857142857142904,0.0018224108795060264
gene_TLR4,TLR4,5,0.3333333333333333,-0.08916607642455743,-0.08963503962260663,0.029722025474852476,PI3K_Akt_hsa04151,0.0,0.0
gene_DDIT4,DDIT4,2,0.13333333333333333,-0.2221601495049098,-0.2221601495049098,0.029621353267321307,PI3K_Akt_hsa04151,0.0,0.0
gene_IFNA13,IFNA13,3,0.2,0.1480146206486235,0.17176301926956286,0.029602924129724702,PI3K_Akt_hsa04151,0.0,0.0
gene_IL6,IL6,1,0.06666666666666667,0.4419874580111643,0.4419874580111643,0.029465830534077617,PI3K_Akt_hsa04151,0.0,0.0
gene_CREBBP,CREBBP,1,0.06666666666666667,-0.43933595514842905,-0.43933595514842905,0.029289063676561936,WNT_hsa04310,0.0,0.0
gene_CACNB4,CACNB4,3,0.2,-0.14554329350725032,-0.0800808164086117,0.029108658701450064,MAPK_hsa04010,0.0,0.0
gene_ELK4,ELK4,4,0.26666666666666666,-0.10908854327179474,-0.14869066534672223,0.02909027820581193,MAPK_hsa04010,0.0,0.0
gene_PPP3CA,PPP3CA,1,0.06666666666666667,0.4333458789641536,0.4333458789641536,0.028889725264276907,WNT_hsa04310,-0.0028361344537815025,0.00215528198830705
gene_IFNA4,IFNA4,7,0.4666666666666667,-0.06085973946789681,0.007024081632843833,0.02840121175168518,PI3K_Akt_hsa04151,0.0,0.0
gene_COL4A2,COL4A2,3,0.2,-0.14135067236879428,-0.13175880710341709,0.028270134473758857,PI3K_Akt_hsa04151,0.013550420168067224,0.009700901810633501
gene_MAP3K11,MAP3K11,2,0.13333333333333333,-0.21193550123215632,-0.21193550123215632,0.028258066830954175,MAPK_hsa04010,0.0,0.0
gene_PRKACB,PRKACB,3,0.2,0.14104363389564195,0.1271387868945266,0.02820872677912839,WNT_hsa04310,0.0,0.0
gene_HSPB1,HSPB1,1,0.06666666666666667,0.4180750049341354,0.4180750049341354,0.027871666995609026,MAPK_hsa04010,0.0014705882352941124,0.0030875921127518943
gene_EGF,EGF,6,0.4,-0.06960724784625677,-0.09270108031907871,0.02784289913850271,PI3K_Akt_hsa04151,-0.011449579831932788,0.006240061655579491
gene_CREB3L3,CREB3L3,2,0.13333333333333333,-0.20877450030361236,-0.20877450030361236,0.02783660004048165,PI3K_Akt_hsa04151,0.0,0.0
gene_APC2,APC2,2,0.13333333333333333,0.20725526058429466,0.20725526058429466,0.02763403474457262,WNT_hsa04310,0.0011554621848739455,0.003998501325771893
gene_MAP2K7,MAP2K7,1,0.06666666666666667,0.4105955847252096,0.4105955847252096,0.02737303898168064,MAPK_hsa04010,0.0028361344537814913,0.0016970057165339673
gene_IFNB1,IFNB1,6,0.4,-0.06842931388390985,-0.11139407463659212,0.027371725553563944,PI3K_Akt_hsa04151,-0.00031512605042022246,0.0046752548496360935
gene_EI24,EI24,1,0.06666666666666667,0.4085238903474407,0.4085238903474407,0.02723492602316271,p53_hsa04115,-0.0014705882352941235,0.006200148976207417
gene_STEAP3,STEAP3,2,0.13333333333333333,-0.2040431003132599,-0.2040431003132599,0.02720574670843465,p53_hsa04115,0.0,0.0
gene_IFNA5,IFNA5,2,0.13333333333333333,-0.20159568944085166,-0.20159568944085166,0.02687942525878022,PI3K_Akt_hsa04151,0.0,0.0
gene_C8orf44-SGK3,C8orf44-SGK3,5,0.3333333333333333,0.08044911729908179,0.10962201944684766,0.02681637243302726,PI3K_Akt_hsa04151,0.0,0.0
gene_ATP6V1E1,ATP6V1E1,3,0.2,-0.1340373189248752,-0.17391746310205594,0.02680746378497504,mTOR_hsa04150,0.00042016806722688926,0.0008403361344537786
gene_THBS4,THBS4,2,0.13333333333333333,0.2008807054667333,0.2008807054667333,0.026784094062231107,PI3K_Akt_hsa04151,0.0,0.0
gene_PDGFD,PDGFD,1,0.06666666666666667,0.3980642817014586,0.3980642817014586,0.02653761878009724,PI3K_Akt_hsa04151,0.0,0.0
gene_CSNK1E,CSNK1E,5,0.3333333333333333,-0.07932196091461827,-0.05522398601897331,0.026440653638206087,WNT_hsa04310,0.0,0.0
gene_RASA2,RASA2,5,0.3333333333333333,0.0791418317530614,0.1285907453091809,0.0263806105843538,MAPK_hsa04010,0.002310924369747891,0.002607074295376221
gene_GRB2,GRB2,1,0.06666666666666667,-0.3942079164239926,-0.3942079164239926,0.026280527761599507,PI3K_Akt_hsa04151,0.00021008403361343352,0.001981928809255583
gene_TCF7L2,TCF7L2,6,0.4,0.06554265404171437,0.15161594443876647,0.02621706161668575,WNT_hsa04310,0.0,0.0
gene_ARRB2,ARRB2,1,0.06666666666666667,0.388125332096554,0.388125332096554,0.025875022139770266,MAPK_hsa04010,0.0,0.0
gene_FZD5,FZD5,2,0.13333333333333333,-0.19357598116667757,-0.19357598116667757,0.025810130822223675,WNT_hsa04310,0.0031512605042016808,0.002100840336134457
gene_IGF2,IGF2,3,0.2,-0.12849580528587004,-0.1829497673122111,0.02569916105717401,PI3K_Akt_hsa04151,-0.00021008403361344463,0.005011285899948152
gene_PPM1B,PPM1B,5,0.3333333333333333,0.07643883587078878,0.07584331475835633,0.025479611956929594,MAPK_hsa04010,0.0,0.0
gene_PKN1,PKN1,2,0.13333333333333333,-0.19066057584678303,-0.19066057584678303,0.025421410112904403,PI3K_Akt_hsa04151,0.0,0.0
gene_FGFR3,FGFR3,4,0.26666666666666666,-0.09485158082076467,-0.09622788164191705,0.025293754885537246,PI3K_Akt_hsa04151,0.0,0.0
gene_ROCK2,ROCK2,3,0.2,-0.12610839192424317,-0.180151611540693,0.025221678384848636,WNT_hsa04310,0.0,0.0
gene_EFNA3,EFNA3,4,0.26666666666666666,0.09411048871547475,0.10146678068433476,0.025096130324126602,PI3K_Akt_hsa04151,0.0,0.0
gene_SESN3,SESN3,3,0.2,-0.12432932107113952,-0.10797728189009383,0.024865864214227904,p53_hsa04115,0.015126050420168046,0.011783448455781609
gene_SIRT1,SIRT1,1,0.06666666666666667,-0.3715691477045286,-0.3715691477045286,0.02477127651363524,WNT_hsa04310,0.0,0.0
gene_ITGB8,ITGB8,2,0.13333333333333333,-0.18536597114694803,-0.18536597114694803,0.02471546281959307,PI3K_Akt_hsa04151,0.0,0.0
gene_IGFBP6,IGFBP6,6,0.4,-0.06152758235215912,-0.04909808739597987,0.02461103294086365,IGF1_signaling,0.0,0.0
gene_CDC42,CDC42,4,0.26666666666666666,0.09195736473085368,0.10442366747151854,0.02452196392822765,MAPK_hsa04010,0.0,0.0
gene_BTRC,BTRC,1,0.06666666666666667,-0.36711188854137805,-0.36711188854137805,0.024474125902758537,WNT_hsa04310,0.004516806722689071,0.005016787368176281
gene_EIF4E1B,EIF4E1B,1,0.06666666666666667,-0.36108309563712315,-0.36108309563712315,0.02407220637580821,PI3K_Akt_hsa04151,0.0,0.0
gene_NRTN,NRTN,7,0.4666666666666667,0.05082104857126875,0.14014247859426618,0.02371648933325875,PI3K_Akt_hsa04151,0.0,0.0
gene_WNT8B,WNT8B,7,0.4666666666666667,-0.04887703696631,-0.031247214888093098,0.022809283917611334,WNT_hsa04310,0.0,0.0
gene_CRTC2,CRTC2,2,0.13333333333333333,-0.17048608049170125,-0.17048608049170125,0.022731477398893498,PI3K_Akt_hsa04151,0.0,0.0
gene_MECOM,MECOM,3,0.2,0.11351588318616553,0.09464477138429823,0.022703176637233105,MAPK_hsa04010,0.0,0.0
gene_RFC5,RFC5,3,0.2,-0.11099839345222952,-0.1301445998813365,0.022199678690445906,MMR_hsa03430,0.0,0.0
gene_FGF9,FGF9,2,0.13333333333333333,-0.16497106765650163,-0.16497106765650163,0.021996142354200218,PI3K_Akt_hsa04151,0.0,0.0
gene_GNG2,GNG2,1,0.06666666666666667,-0.32979082705365154,-0.32979082705365154,0.021986055136910102,PI3K_Akt_hsa04151,0.0,0.0
gene_GYS1,GYS1,1,0.06666666666666667,-0.32716563315422287,-0.32716563315422287,0.021811042210281524,PI3K_Akt_hsa04151,0.0,0.0
gene_CACNA1H,CACNA1H,1,0.06666666666666667,-0.32632489945199994,-0.32632489945199994,0.021754993296799995,MAPK_hsa04010,0.0,0.0
gene_ATP6V1G2,ATP6V1G2,3,0.2,-0.10817692120418357,-0.09217578508298348,0.021635384240836716,mTOR_hsa04150,0.0,0.0
gene_MAP3K2,MAP3K2,3,0.2,-0.10702196374536779,-0.14632081132053965,0.02140439274907356,MAPK_hsa04010,0.0,0.0
gene_GRB10,GRB10,9,0.6,0.035414111926174274,0.03628502444791812,0.021248467155704564,mTOR_hsa04150,0.003991596638655448,0.002090309741820623
gene_PRICKLE1,PRICKLE1,1,0.06666666666666667,-0.31075093735921266,-0.31075093735921266,0.020716729157280844,WNT_hsa04310,0.0,0.0
gene_SOCS7,SOCS7,1,0.06666666666666667,-0.3096860397666513,-0.3096860397666513,0.02064573598444342,IGF1_signaling,0.0,0.0
gene_PIK3R5,PIK3R5,1,0.06666666666666667,0.3079715952506602,0.3079715952506602,0.020531439683377346,PI3K_Akt_hsa04151,0.0,0.0
gene_MAP2K3,MAP2K3,2,0.13333333333333333,-0.1536542121912985,-0.1536542121912985,0.020487228292173133,MAPK_hsa04010,-0.00577731092436976,0.007475715692713469
gene_WNT1,WNT1,1,0.06666666666666667,-0.30709049096179136,-0.30709049096179136,0.02047269939745276,WNT_hsa04310,0.0,0.0
gene_LAMA4,LAMA4,1,0.06666666666666667,0.3065149962724659,0.3065149962724659,0.02043433308483106,PI3K_Akt_hsa04151,0.0,0.0
gene_MAPK8IP2,MAPK8IP2,1,0.06666666666666667,-0.30139784058700936,-0.30139784058700936,0.02009318937246729,MAPK_hsa04010,0.0,0.0
gene_GNGT2,GNGT2,1,0.06666666666666667,0.29580580580940624,0.29580580580940624,0.019720387053960415,PI3K_Akt_hsa04151,0.0,0.0
gene_RXRA,RXRA,1,0.06666666666666667,-0.29196337497087005,-0.29196337497087005,0.019464224998058003,PI3K_Akt_hsa04151,0.00042016806722688926,0.0010712225868892368
gene_TP73,TP73,10,0.6666666666666666,0.029172995538367334,0.04400023526946606,0.019448663692244888,p53_hsa04115,0.0,0.0
gene_SMAD3,SMAD3,6,0.4,0.04850045134796432,0.03686211101085668,0.019400180539185727,WNT_hsa04310,0.0,0.0
gene_RCHY1,RCHY1,2,0.13333333333333333,0.14498139332327498,0.14498139332327498,0.01933085244310333,p53_hsa04115,0.0,0.0
gene_TLR2,TLR2,1,0.06666666666666667,-0.2885212696746666,-0.2885212696746666,0.01923475131164444,PI3K_Akt_hsa04151,0.0,0.0
gene_EXO1,EXO1,7,0.4666666666666667,-0.041058310262740504,-0.041844962553375664,0.0191605447892789,MMR_hsa03430,0.0,0.0
gene_COL2A1,COL2A1,1,0.06666666666666667,-0.28470654512123383,-0.28470654512123383,0.01898043634141559,PI3K_Akt_hsa04151,0.0,0.0
gene_TRAF6,TRAF6,1,0.06666666666666667,-0.28407987849601063,-0.28407987849601063,0.018938658566400708,MAPK_hsa04010,0.0009453781512605119,0.0027969594444735967
gene_HSP90AB1,HSP90AB1,6,0.4,-0.04732617040754917,-0.060739487938166824,0.01893046816301967,PI3K_Akt_hsa04151,0.0,0.0
gene_NFATC4,NFATC4,1,0.06666666666666667,0.2825008283089848,0.2825008283089848,0.01883338855393232,WNT_hsa04310,0.0,0.0
gene_ATP6V1D,ATP6V1D,3,0.2,-0.09367069515726724,-0.09095732564272944,0.018734139031453448,mTOR_hsa04150,0.0,0.0
gene_IL1RAP,IL1RAP,4,0.26666666666666666,-0.07024840583367181,-0.05439348708116507,0.018732908222312484,MAPK_hsa04010,-0.0021008403361344576,0.005714903575098924
gene_TCL1B,TCL1B,1,0.06666666666666667,-0.2801633278307162,-0.2801633278307162,0.01867755518871441,PI3K_Akt_hsa04151,0.0,0.0
gene_PTK2,PTK2,10,0.6666666666666666,0.02774806119920344,-0.0071723967598572415,0.018498707466135626,PI3K_Akt_hsa04151,0.0,0.0
gene_DKK1,DKK1,1,0.06666666666666667,-0.2641904289190433,-0.2641904289190433,0.017612695261269556,WNT_hsa04310,0.0,0.0
gene_PPP2CA,PPP2CA,2,0.13333333333333333,0.13142551122869867,0.13142551122869867,0.01752340149715982,PI3K_Akt_hsa04151,0.0,0.0
gene_SOCS5,SOCS5,2,0.13333333333333333,0.13064028949531642,0.13064028949531642,0.017418705266042188,IGF1_signaling,0.0,0.0
gene_PCNA,PCNA,2,0.13333333333333333,-0.1302599062422377,-0.1302599062422377,0.017367987498965027,MMR_hsa03430,0.0,0.0
gene_WNT2B,WNT2B,1,0.06666666666666667,-0.26033163733898623,-0.26033163733898623,0.017355442489265748,WNT_hsa04310,0.00136554621848739,0.002859381846389936
gene_ATP6V1A,ATP6V1A,3,0.2,-0.08618181049989294,-0.07615702514936554,0.01723636209997859,mTOR_hsa04150,0.0,0.0
gene_RYK,RYK,4,0.26666666666666666,0.06330596278081013,0.05912443577179824,0.016881590074882703,WNT_hsa04310,0.0,0.0
gene_MAP4K4,MAP4K4,1,0.06666666666666667,-0.2529515778221543,-0.2529515778221543,0.016863438521476953,MAPK_hsa04010,0.0,0.0
gene_TTI1,TTI1,3,0.2,0.08429555844025229,0.11735042837932487,0.016859111688050456,mTOR_hsa04150,0.0,0.0
gene_CRKL,CRKL,1,0.06666666666666667,-0.25206791135959516,-0.25206791135959516,0.01680452742397301,MAPK_hsa04010,0.0,0.0
gene_ITGAV,ITGAV,5,0.3333333333333333,0.050321896179598896,0.026250588364181045,0.01677396539319963,PI3K_Akt_hsa04151,0.0,0.0
gene_FRAT2,FRAT2,4,0.26666666666666666,0.06225658370789981,0.03726942800108253,0.016601755655439948,WNT_hsa04310,0.0,0.0
gene_CCNB1,CCNB1,2,0.13333333333333333,0.1241620678113584,0.1241620678113584,0.016554942374847788,p53_hsa04115,0.0,0.0
gene_ADGRB1,ADGRB1,1,0.06666666666666667,-0.24682627633924556,-0.24682627633924556,0.016455085089283037,p53_hsa04115,0.0,0.0
gene_INS,INS,5,0.3333333333333333,0.04872088811500485,0.03961578968663561,0.016240296038334948,PI3K_Akt_hsa04151,0.0,0.0
gene_TCL1A,TCL1A,1,0.06666666666666667,-0.24108550278859153,-0.24108550278859153,0.016072366852572767,PI3K_Akt_hsa04151,0.013550420168067212,0.008033482691176005
gene_IFNA16,IFNA16,4,0.26666666666666666,0.05883025065127926,0.08383697264840081,0.015688066840341137,PI3K_Akt_hsa04151,0.0,0.0
gene_FGF6,FGF6,1,0.06666666666666667,0.2344200322785583,0.2344200322785583,0.015628002151903887,PI3K_Akt_hsa04151,0.0,0.0
gene_MAP2K2,MAP2K2,6,0.4,0.038990857852833294,-0.000701852172876466,0.015596343141133319,PI3K_Akt_hsa04151,0.0,0.0
gene_FNIP1,FNIP1,3,0.2,0.07636409850216115,0.0841373146068674,0.015272819700432231,mTOR_hsa04150,0.0,0.0
gene_MAPK3,MAPK3,1,0.06666666666666667,-0.22351581646211102,-0.22351581646211102,0.0149010544308074,PI3K_Akt_hsa04151,0.0,0.0
gene_VANGL1,VANGL1,1,0.06666666666666667,0.22348655685586627,0.22348655685586627,0.014899103790391085,WNT_hsa04310,0.012079831932773089,0.00747571569271347
gene_NFKB2,NFKB2,2,0.13333333333333333,-0.11164733048973718,-0.11164733048973718,0.014886310731964957,MAPK_hsa04010,0.0,0.0
gene_DUSP2,DUSP2,3,0.2,0.0737887241159705,0.06644214569355515,0.0147577448231941,MAPK_hsa04010,-0.003991596638655448,0.0033150701340461017
gene_WNT10B,WNT10B,1,0.06666666666666667,-0.2123493782358384,-0.2123493782358384,0.01415662521572256,WNT_hsa04310,0.0,0.0
gene_PPP2CB,PPP2CB,1,0.06666666666666667,0.21108041761078314,0.21108041761078314,0.014072027840718876,PI3K_Akt_hsa04151,-0.0006302521008403339,0.00270674342998426
gene_FGF17,FGF17,1,0.06666666666666667,0.2109150515390678,0.2109150515390678,0.014061003435937854,PI3K_Akt_hsa04151,0.0,0.0
gene_SERPINF1,SERPINF1,3,0.2,0.06982505116975206,0.04467217843687058,0.013965010233950413,WNT_hsa04310,0.0,0.0
gene_LPIN3,LPIN3,6,0.4,0.03465470734366542,0.004316022398876112,0.01386188293746617,mTOR_hsa04150,0.0,0.0
gene_CSH2,CSH2,3,0.2,0.06904253173156051,0.0323019943025477,0.013808506346312102,PI3K_Akt_hsa04151,0.0,0.0
gene_COL1A1,COL1A1,1,0.06666666666666667,-0.20696464227349903,-0.20696464227349903,0.013797642818233268,PI3K_Akt_hsa04151,-0.008928571428571475,0.010305366003334343
gene_PTPRR,PTPRR,7,0.4666666666666667,0.029557915629367607,0.03857315440612113,0.01379369396037155,MAPK_hsa04010,0.0,0.0
gene_RRAGD,RRAGD,1,0.06666666666666667,-0.20555302322774557,-0.20555302322774557,0.013703534881849704,mTOR_hsa04150,0.0,0.0
gene_ATF4,ATF4,2,0.13333333333333333,-0.10244434530175461,-0.10244434530175461,0.013659246040233948,PI3K_Akt_hsa04151,0.0,0.0
gene_BRAF,BRAF,3,0.2,-0.06821632727633345,-0.0796388759052873,0.01364326545526669,mTOR_hsa04150,0.0,0.0
gene_IL2RG,IL2RG,3,0.2,-0.06721273901219092,-0.09869806868724453,0.013442547802438184,PI3K_Akt_hsa04151,0.0,0.0
gene_CHAD,CHAD,2,0.13333333333333333,0.10042254111589685,0.10042254111589685,0.013389672148786247,PI3K_Akt_hsa04151,0.0,0.0
gene_EIF4E2,EIF4E2,2,0.13333333333333333,-0.10023884477094655,-0.10023884477094655,0.013365179302792874,PI3K_Akt_hsa04151,-0.0013655462184874012,0.002487966235782999
gene_PTPN11,PTPN11,1,0.06666666666666667,-0.1984383547992192,-0.1984383547992192,0.01322922365328128,IGF1_signaling,0.0,0.0
gene_MAP3K6,MAP3K6,1,0.06666666666666667,0.1967587183655234,0.1967587183655234,0.013117247891034892,MAPK_hsa04010,0.0,0.0
gene_PRKAR1A,PRKAR1A,1,0.06666666666666667,-0.19522734182528775,-0.19522734182528775,0.01301515612168585,IGF1_signaling,0.0,0.0
gene_IFNA2,IFNA2,5,0.3333333333333333,0.03868178120824123,0.02275646764289706,0.012893927069413742,PI3K_Akt_hsa04151,-0.01292016806722691,0.011856726701807286
gene_DVL2,DVL2,1,0.06666666666666667,-0.1932243292438342,-0.1932243292438342,0.012881621949588947,WNT_hsa04310,0.0,0.0
gene_CDC37,CDC37,1,0.06666666666666667,-0.1897629062639267,-0.1897629062639267,0.012650860417595113,PI3K_Akt_hsa04151,0.007563025210084018,0.004325895017221429
gene_TAOK2,TAOK2,4,0.26666666666666666,-0.047136456850023975,-0.051230286435139515,0.01256972182667306,MAPK_hsa04010,0.0,0.0
gene_MCC,MCC,4,0.26666666666666666,0.04686659284594932,0.010549995063305444,0.012497758092253152,WNT_hsa04310,0.0,0.0
gene_MAP3K14,MAP3K14,4,0.26666666666666666,0.046705435447741764,0.05557573496188275,0.01245478278606447,MAPK_hsa04010,0.0,0.0
gene_FZD8,FZD8,1,0.06666666666666667,-0.1862565498165765,-0.1862565498165765,0.0124171033211051,WNT_hsa04310,0.010714285714285676,0.005433830737973746
gene_MLH3,MLH3,2,0.13333333333333333,0.0929957571083899,0.0929957571083899,0.012399434281118654,MMR_hsa03430,0.0,0.0
gene_PDGFC,PDGFC,2,0.13333333333333333,-0.09252441878316958,-0.09252441878316958,0.012336589171089277,PI3K_Akt_hsa04151,0.003361344537815103,0.008093008522797564
gene_TLE6,TLE6,5,0.3333333333333333,0.03686488963134103,-0.021439143454922906,0.012288296543780344,WNT_hsa04310,-0.0008403361344538008,0.008214796132780328
gene_YWHAZ,YWHAZ,3,0.2,-0.06093762939871791,-0.06386924528171493,0.012187525879743583,PI3K_Akt_hsa04151,0.0,0.0
gene_DUSP9,DUSP9,7,0.4666666666666667,-0.0254472227725772,-0.01724342755066872,0.011875370627202692,MAPK_hsa04010,0.011974789915966377,0.01867976689157305
gene_RASGRP2,RASGRP2,1,0.06666666666666667,-0.17736755963054096,-0.17736755963054096,0.011824503975369396,MAPK_hsa04010,-0.002941176470588225,0.0025210084033613356
gene_GADD45G,GADD45G,4,0.26666666666666666,-0.04355991790520464,-0.10884783000353292,0.01161597810805457,p53_hsa04115,-0.00609243697478995,0.009602012505904573
gene_SEC13,SEC13,1,0.06666666666666667,-0.17306669562161264,-0.17306669562161264,0.01153777970810751,mTOR_hsa04150,0.0,0.0
gene_SKP2,SKP2,4,0.26666666666666666,-0.042691332398670456,-0.0617437023164944,0.011384355306312122,mTOR_hsa04150,0.0,0.0
gene_GNB1,GNB1,2,0.13333333333333333,0.08477995902890827,0.08477995902890827,0.01130399453718777,PI3K_Akt_hsa04151,0.0,0.0
gene_CREB3L4,CREB3L4,1,0.06666666666666667,0.16796581214757023,0.16796581214757023,0.011197720809838016,PI3K_Akt_hsa04151,0.0,0.0
gene_LAMA1,LAMA1,3,0.2,0.055750148651568944,0.04824072066667747,0.01115002973031379,PI3K_Akt_hsa04151,0.0,0.0
gene_IBSP,IBSP,1,0.06666666666666667,-0.166491921258871,-0.166491921258871,0.011099461417258066,PI3K_Akt_hsa04151,-0.0017857142857143238,0.004332266938508701
gene_BCL2L11,BCL2L11,1,0.06666666666666667,0.16606621946820185,0.16606621946820185,0.011071081297880123,PI3K_Akt_hsa04151,0.0,0.0
gene_CCNB2,CCNB2,4,0.26666666666666666,-0.04128962022426399,-0.05265890666617316,0.011010565393137063,p53_hsa04115,0.007352941176470585,0.001993032138761588
gene_DUSP5,DUSP5,2,0.13333333333333333,-0.0821293626782071,-0.0821293626782071,0.010950581690427614,MAPK_hsa04010,0.0,0.0
gene_GTSE1,GTSE1,1,0.06666666666666667,-0.16372267174535574,-0.16372267174535574,0.010914844783023715,p53_hsa04115,0.009348739495798286,0.003024407573295781
gene_SHC1,SHC1,2,0.13333333333333333,-0.08164290287717871,-0.08164290287717871,0.010885720383623827,IGF1_signaling,0.0031512605042016808,0.005231050251255764
gene_FGF10,FGF10,1,0.06666666666666667,0.1615086154812698,0.1615086154812698,0.010767241032084653,PI3K_Akt_hsa04151,0.0,0.0
gene_FGF7,FGF7,1,0.06666666666666667,0.1607999643151339,0.1607999643151339,0.010719997621008927,PI3K_Akt_hsa04151,0.0,0.0
gene_RSPO3,RSPO3,6,0.4,0.026387323299035065,0.04983027778177506,0.010554929319614027,WNT_hsa04310,0.0,0.0
gene_PPP3CB,PPP3CB,1,0.06666666666666667,0.15680611838559078,0.15680611838559078,0.010453741225706052,WNT_hsa04310,0.0011554621848739455,0.0019052896163043059
gene_DUSP8,DUSP8,1,0.06666666666666667,-0.15679912943506788,-0.15679912943506788,0.010453275295671192,MAPK_hsa04010,0.0,0.0
gene_MMP7,MMP7,4,0.26666666666666666,0.038323778229588545,0.08394300424481417,0.010219674194556945,WNT_hsa04310,0.0,0.0
gene_AKT2,AKT2,8,0.5333333333333333,0.019065700651537162,0.04176784857610664,0.01016837368081982,PI3K_Akt_hsa04151,0.0,0.0
gene_TELO2,TELO2,1,0.06666666666666667,0.15054916974555174,0.15054916974555174,0.010036611316370117,mTOR_hsa04150,0.0,0.0
gene_LAMB3,LAMB3,3,0.2,-0.05017511415868086,-0.07376784796570092,0.010035022831736172,PI3K_Akt_hsa04151,0.0,0.0
gene_PIK3C3,PIK3C3,2,0.13333333333333333,-0.07309021936329006,-0.07309021936329006,0.009745362581772008,IGF1_signaling,0.0,0.0
gene_DUSP10,DUSP10,1,0.06666666666666667,0.14532668427240966,0.14532668427240966,0.009688445618160645,MAPK_hsa04010,0.0,0.0
gene_CDK2,CDK2,4,0.26666666666666666,0.03596467932539936,0.03505125436948401,0.00959058115343983,PI3K_Akt_hsa04151,0.0,0.0
gene_RFC1,RFC1,4,0.26666666666666666,0.0357908281717359,0.03917707133512176,0.00954422084579624,MMR_hsa03430,-0.0010504201680672232,0.0010504201680672232
gene_CCND3,CCND3,7,0.4666666666666667,-0.020307292373148808,-0.042839727218806536,0.009476736440802777,WNT_hsa04310,0.0,0.0
gene_DAXX,DAXX,1,0.06666666666666667,0.1415066730617514,0.1415066730617514,0.00943377820411676,MAPK_hsa04010,0.0,0.0
gene_YWHAQ,YWHAQ,3,0.2,-0.04672999122593386,-0.0106238384196166,0.009345998245186773,PI3K_Akt_hsa04151,0.0,0.0
gene_HSPA1L,HSPA1L,1,0.06666666666666667,0.1392198606430054,0.1392198606430054,0.009281324042867026,MAPK_hsa04010,-0.001680672268907557,0.0019482391797259813
gene_TGFBR1,TGFBR1,1,0.06666666666666667,-0.1384740684827991,-0.1384740684827991,0.00923160456551994,MAPK_hsa04010,0.0008403361344537563,0.0017450890468315194
gene_ITGA3,ITGA3,2,0.13333333333333333,-0.06892180867187896,-0.06892180867187896,0.00918957448958386,PI3K_Akt_hsa04151,0.0,0.0
gene_FBXW11,FBXW11,5,0.3333333333333333,0.027540077484240536,0.024639807852494817,0.009180025828080179,WNT_hsa04310,-0.04201680672268908,0.0136392923009491
gene_PRKACG,PRKACG,1,0.06666666666666667,0.13588121552013277,0.13588121552013277,0.009058747701342185,WNT_hsa04310,0.0,0.0
gene_PPP2R2A,PPP2R2A,1,0.06666666666666667,0.13259366800781494,0.13259366800781494,0.008839577867187663,PI3K_Akt_hsa04151,0.0,0.0
gene_FOXO3,FOXO3,1,0.06666666666666667,0.13013597208952174,0.13013597208952174,0.008675731472634783,PI3K_Akt_hsa04151,0.0,0.0
gene_SOCS4,SOCS4,2,0.13333333333333333,0.06446655318591135,0.06446655318591135,0.00859554042478818,IGF1_signaling,0.0,0.0
gene_PRICKLE2,PRICKLE2,1,0.06666666666666667,-0.12746637747499084,-0.12746637747499084,0.008497758498332723,WNT_hsa04310,0.037079831932773075,0.013534124785865177
gene_PAK2,PAK2,3,0.2,-0.042064201191055674,-0.006817474173336791,0.008412840238211134,MAPK_hsa04010,0.0,0.0
gene_NFATC2,NFATC2,1,0.06666666666666667,0.12360586508981918,0.12360586508981918,0.008240391005987944,WNT_hsa04310,0.0,0.0
gene_PPP5C,PPP5C,1,0.06666666666666667,0.12295762444022258,0.12295762444022258,0.008197174962681505,MAPK_hsa04010,0.0,0.0
gene_PHLPP1,PHLPP1,1,0.06666666666666667,0.1221308478477921,0.1221308478477921,0.00814205652318614,PI3K_Akt_hsa04151,0.0,0.0
gene_EGFR,EGFR,1,0.06666666666666667,0.12131678090499916,0.12131678090499916,0.00808778539366661,PI3K_Akt_hsa04151,0.0,0.0
gene_PTPN7,PTPN7,1,0.06666666666666667,0.12079225039613299,0.12079225039613299,0.008052816693075532,MAPK_hsa04010,0.021638655462184842,0.01147989587589433
gene_PTPN5,PTPN5,4,0.26666666666666666,-0.030024239530621583,-0.05998669945830753,0.008006463874832422,MAPK_hsa04010,0.006512605042016795,0.003540399064359788
gene_RAP1B,RAP1B,1,0.06666666666666667,-0.11974865735860522,-0.11974865735860522,0.007983243823907015,MAPK_hsa04010,0.0,0.0
gene_BBC3,BBC3,2,0.13333333333333333,-0.05980046457759933,-0.05980046457759933,0.007973395277013243,p53_hsa04115,0.005882352941176461,0.0025815558250934126
gene_CHRM2,CHRM2,2,0.13333333333333333,-0.05916276305609216,-0.05916276305609216,0.007888368407478955,PI3K_Akt_hsa04151,0.0,0.0
gene_PLA2G4C,PLA2G4C,1,0.06666666666666667,0.11681303064262316,0.11681303064262316,0.007787535376174878,MAPK_hsa04010,0.0,0.0
gene_CSNK2A3,CSNK2A3,6,0.4,-0.019312289835458754,-0.02176097785594207,0.007724915934183502,WNT_hsa04310,0.00409663865546217,0.002225800430716073
gene_GDNF,GDNF,1,0.06666666666666667,-0.11548899476096984,-0.11548899476096984,0.00769926631739799,PI3K_Akt_hsa04151,0.0,0.0
gene_ARAF,ARAF,2,0.13333333333333333,0.05558088135058947,0.05558088135058947,0.007410784180078596,MAPK_hsa04010,0.0,0.0
gene_PPP3CC,PPP3CC,1,0.06666666666666667,0.11060127683018375,0.11060127683018375,0.007373418455345584,WNT_hsa04310,0.0,0.0
gene_LEF1,LEF1,5,0.3333333333333333,0.021738478141998828,-0.0358911652994174,0.007246159380666276,WNT_hsa04310,0.008403361344537818,0.004505800544018328
gene_LGR4,LGR4,1,0.06666666666666667,-0.10516403698472032,-0.10516403698472032,0.007010935798981354,WNT_hsa04310,-0.005672268907563028,0.0061823272981353945
gene_RPS6KB1,RPS6KB1,6,0.4,-0.017428820244074317,-0.05354067832058912,0.0069715280976297275,PI3K_Akt_hsa04151,0.0,0.0
gene_STK3,STK3,3,0.2,-0.03447072456488397,-0.046328914311687557,0.006894144912976794,MAPK_hsa04010,-0.0012605042016806678,0.00653965647742579
gene_GNG10,GNG10,1,0.06666666666666667,-0.10162968309000552,-0.10162968309000552,0.006775312206000367,PI3K_Akt_hsa04151,0.0,0.0
gene_RNF43,RNF43,1,0.06666666666666667,-0.10155220215703983,-0.10155220215703983,0.006770146810469322,WNT_hsa04310,0.0,0.0
gene_MKNK2,MKNK2,2,0.13333333333333333,-0.05014664315178892,-0.05014664315178892,0.006686219086905189,MAPK_hsa04010,0.0,0.0
gene_MET,MET,1,0.06666666666666667,-0.09993518380813778,-0.09993518380813778,0.006662345587209185,PI3K_Akt_hsa04151,0.0,0.0
gene_ATP6V1B2,ATP6V1B2,1,0.06666666666666667,-0.09596789023352612,-0.09596789023352612,0.0063978593489017405,mTOR_hsa04150,0.0,0.0
gene_RAC3,RAC3,3,0.2,0.03153319043217577,0.011037871592277254,0.006306638086435154,WNT_hsa04310,0.0,0.0
gene_PRKAR2B,PRKAR2B,5,0.3333333333333333,-0.01833021940871095,0.022995509416628295,0.006110073136236982,IGF1_signaling,0.0,0.0
gene_JUND,JUND,2,0.13333333333333333,0.04557571567201317,0.04557571567201317,0.006076762089601756,MAPK_hsa04010,0.0,0.0
gene_SOS1,SOS1,4,0.26666666666666666,-0.022373416625464965,-0.062614746623099,0.005966244433457324,PI3K_Akt_hsa04151,0.004621848739495771,0.006729250999179376
gene_FGFR1,FGFR1,1,0.06666666666666667,-0.08113258434228104,-0.08113258434228104,0.00540883895615207,PI3K_Akt_hsa04151,-0.0008403361344537675,0.005268880757976664
gene_RUVBL1,RUVBL1,5,0.3333333333333333,0.015500936522306686,0.05230031386800664,0.005166978840768895,WNT_hsa04310,0.003676470588235281,0.005983708138078178
gene_CACNA1C,CACNA1C,1,0.06666666666666667,0.07691110999339501,0.07691110999339501,0.005127407332893001,MAPK_hsa04010,0.0,0.0
gene_INSR,INSR,1,0.06666666666666667,0.07541379679900499,0.07541379679900499,0.005027586453266999,PI3K_Akt_hsa04151,0.0,0.0
gene_TP53AIP1,TP53AIP1,1,0.06666666666666667,-0.07499062178687405,-0.07499062178687405,0.004999374785791603,p53_hsa04115,0.0,0.0
gene_TBL1XR1,TBL1XR1,2,0.13333333333333333,0.03641447132446966,0.03641447132446966,0.004855262843262622,WNT_hsa04310,0.0036764705882352698,0.0043118436453306415
gene_MAP3K13,MAP3K13,6,0.4,0.012080513520964387,0.012525883610273443,0.004832205408385755,MAPK_hsa04010,0.0,0.0
gene_LAMTOR4,LAMTOR4,1,0.06666666666666667,0.07191313131620841,0.07191313131620841,0.004794208754413894,mTOR_hsa04150,0.0,0.0
gene_PLA2G4A,PLA2G4A,2,0.13333333333333333,0.03595145958091817,0.03595145958091817,0.004793527944122423,MAPK_hsa04010,-0.00010504201680672232,0.00031512605042016695
gene_ITGB1,ITGB1,1,0.06666666666666667,0.06892564449826354,0.06892564449826354,0.004595042966550902,PI3K_Akt_hsa04151,0.001995798319327724,0.0028747756687823446
gene_MRAS,MRAS,1,0.06666666666666667,0.06841225548461817,0.06841225548461817,0.004560817032307878,MAPK_hsa04010,0.0,0.0
gene_TAB2,TAB2,3,0.2,-0.022739695853389738,0.041140665221598156,0.0045479391706779474,MAPK_hsa04010,0.0,0.0
gene_WNT11,WNT11,1,0.06666666666666667,0.06738864135530605,0.06738864135530605,0.0044925760903537365,WNT_hsa04310,0.0,0.0
gene_GORAB,GORAB,1,0.06666666666666667,0.06641221012248899,0.06641221012248899,0.0044274806748326,p53_hsa04115,0.0,0.0
gene_IL1R1,IL1R1,1,0.06666666666666667,0.06097360501995078,0.06097360501995078,0.004064907001330052,MAPK_hsa04010,0.0,0.0
gene_SIAH1,SIAH1,1,0.06666666666666667,-0.06075121449106899,-0.06075121449106899,0.004050080966071266,WNT_hsa04310,0.00010504201680672232,0.0015185748208824486
gene_PIK3AP1,PIK3AP1,2,0.13333333333333333,-0.030128831360160264,-0.030128831360160264,0.0040171775146880355,PI3K_Akt_hsa04151,-0.0262605042016807,0.01289922809496532
gene_SOS2,SOS2,1,0.06666666666666667,0.05994550681602487,0.05994550681602487,0.0039963671210683244,PI3K_Akt_hsa04151,0.0,0.0
gene_RFC4,RFC4,1,0.06666666666666667,0.058426406359747766,0.058426406359747766,0.0038950937573165177,MMR_hsa03430,0.0,0.0
gene_TGFBR2,TGFBR2,4,0.26666666666666666,0.014421511345837352,0.08818246249963758,0.0038457363588899605,MAPK_hsa04010,-0.0006302521008403561,0.003051646858473557
gene_VEGFC,VEGFC,1,0.06666666666666667,-0.05690172365257194,-0.05690172365257194,0.0037934482435047962,PI3K_Akt_hsa04151,0.0,0.0
gene_CASP9,CASP9,1,0.06666666666666667,-0.056069669212062224,-0.056069669212062224,0.003737977947470815,PI3K_Akt_hsa04151,0.00031512605042016695,0.0008204043777212842
gene_KRAS,KRAS,3,0.2,-0.01861864337540245,-0.0037151408182787885,0.00372372867508049,PI3K_Akt_hsa04151,0.0,0.0
gene_CACNA1F,CACNA1F,2,0.13333333333333333,-0.027759511315733856,-0.027759511315733856,0.0037012681754311806,MAPK_hsa04010,0.0,0.0
gene_THBS3,THBS3,7,0.4666666666666667,0.007783624231732515,0.04043697084786081,0.003632357974808507,PI3K_Akt_hsa04151,0.0,0.0
gene_ITGA1,ITGA1,1,0.06666666666666667,-0.054473495563563776,-0.054473495563563776,0.0036315663709042515,PI3K_Akt_hsa04151,0.0,0.0
gene_COMP,COMP,4,0.26666666666666666,-0.013493806046566106,-0.0033353413905966387,0.0035983482790842946,PI3K_Akt_hsa04151,0.0,0.0
gene_TNF,TNF,3,0.2,0.01715237197834838,0.00857327466669669,0.0034304743956696765,mTOR_hsa04150,-0.0019957983193277682,0.007146717938308446
gene_MAPKAP1,MAPKAP1,1,0.06666666666666667,-0.048556906579780734,-0.048556906579780734,0.0032371271053187154,mTOR_hsa04150,0.0,0.0
gene_MAPK14,MAPK14,2,0.13333333333333333,0.024057388478758934,0.024057388478758934,0.003207651797167858,MAPK_hsa04010,0.0,0.0
gene_PPP3R1,PPP3R1,5,0.3333333333333333,0.009236278120588956,0.028735339861095714,0.003078759373529652,WNT_hsa04310,0.0,0.0
gene_MAP4K2,MAP4K2,1,0.06666666666666667,0.044966777300274374,0.044966777300274374,0.002997785153351625,MAPK_hsa04010,0.0,0.0
gene_SKP1,SKP1,1,0.06666666666666667,-0.04387174162549137,-0.04387174162549137,0.0029247827750327584,WNT_hsa04310,0.0,0.0
gene_GH1,GH1,3,0.2,0.013781510039542758,0.030196327432158495,0.002756302007908552,PI3K_Akt_hsa04151,-0.00010504201680672232,0.0008725445234157611
gene_IGFBP3,IGFBP3,1,0.06666666666666667,0.040139955898469915,0.040139955898469915,0.0026759970598979944,p53_hsa04115,-0.004831932773109238,0.005128804880560362
gene_RPS6KB2,RPS6KB2,1,0.06666666666666667,0.03906843752937169,0.03906843752937169,0.0026045625019581126,PI3K_Akt_hsa04151,0.0,0.0
gene_JAK3,JAK3,4,0.26666666666666666,0.009401611091160372,-0.014898381620274632,0.002507096290976099,PI3K_Akt_hsa04151,-0.01029411764705882,0.0035403990643598205
gene_WNT9B,WNT9B,4,0.26666666666666666,0.009286590460449485,0.014333950404536146,0.0024764241227865293,WNT_hsa04310,0.005252100840336138,0.0037873437767478903
gene_FGF18,FGF18,1,0.06666666666666667,0.034064048136032074,0.034064048136032074,0.0022709365424021383,PI3K_Akt_hsa04151,0.0,0.0
gene_LPIN2,LPIN2,6,0.4,0.005500873540253286,-0.029195466340327648,0.0022003494161013147,mTOR_hsa04150,0.0,0.0
gene_CHEK1,CHEK1,1,0.06666666666666667,0.03299322945052551,0.03299322945052551,0.002199548630035034,p53_hsa04115,0.0,0.0
gene_CCDC88C,CCDC88C,8,0.5333333333333333,0.0037745072946125465,-0.020825057403339613,0.0020130705571266916,WNT_hsa04310,-0.01292016806722689,0.008055428390772201
gene_LAMB1,LAMB1,3,0.2,0.009714414213671222,0.0945616690919655,0.0019428828427342445,PI3K_Akt_hsa04151,0.0,0.0
gene_CCNG2,CCNG2,1,0.06666666666666667,-0.025310364860167366,-0.025310364860167366,0.0016873576573444911,p53_hsa04115,0.0,0.0
gene_CBY1,CBY1,6,0.4,-0.0036804095285805777,-0.04104646014250361,0.0014721638114322312,WNT_hsa04310,0.0,0.0
gene_CCND1,CCND1,1,0.06666666666666667,0.02045431022557112,0.02045431022557112,0.0013636206817047413,WNT_hsa04310,0.0,0.0
gene_PPM1A,PPM1A,1,0.06666666666666667,-0.020152656008566427,-0.020152656008566427,0.0013435104005710952,MAPK_hsa04010,0.0,0.0
gene_PLA2G4F,PLA2G4F,2,0.13333333333333333,0.009852153785714912,0.009852153785714912,0.0013136205047619882,MAPK_hsa04010,0.0,0.0
gene_MSH3,MSH3,2,0.13333333333333333,-0.009636219048199229,-0.009636219048199229,0.001284829206426564,MMR_hsa03430,0.0,0.0
gene_MYD88,MYD88,1,0.06666666666666667,-0.018274244622015375,-0.018274244622015375,0.001218282974801025,MAPK_hsa04010,0.0,0.0
gene_LIG1,LIG1,2,0.13333333333333333,-0.008243420834222241,-0.008243420834222241,0.0010991227778962987,MMR_hsa03430,0.0,0.0
gene_PRKAR2A,PRKAR2A,1,0.06666666666666667,-0.016444178845014753,-0.016444178845014753,0.0010962785896676502,IGF1_signaling,0.0,0.0
gene_SHISA5,SHISA5,2,0.13333333333333333,-0.007470784700257395,-0.007470784700257395,0.000996104626700986,p53_hsa04115,0.0,0.0
gene_LAMB2,LAMB2,1,0.06666666666666667,0.014179222633444068,0.014179222633444068,0.0009452815088962712,PI3K_Akt_hsa04151,0.0,0.0
gene_SOST,SOST,2,0.13333333333333333,0.006792208637766806,0.006792208637766806,0.0009056278183689074,WNT_hsa04310,0.0,0.0
gene_TBL1X,TBL1X,1,0.06666666666666667,-0.012641986411318355,-0.012641986411318355,0.0008427990940878903,WNT_hsa04310,0.0,0.0
gene_RNF152,RNF152,1,0.06666666666666667,0.011176312928176613,0.011176312928176613,0.0007450875285451075,mTOR_hsa04150,0.0,0.0
gene_TAB1,TAB1,1,0.06666666666666667,-0.00834938176044045,-0.00834938176044045,0.00055662545069603,MAPK_hsa04010,0.008508403361344518,0.006684007676442464
gene_CCAR2,CCAR2,1,0.06666666666666667,-0.005015571173062543,-0.005015571173062543,0.0003343714115375029,WNT_hsa04310,0.0,0.0
gene_MAP4K3,MAP4K3,2,0.13333333333333333,0.002131383256460336,0.002131383256460336,0.0002841844341947115,MAPK_hsa04010,-0.0007352941176470562,0.0009453781512605008
gene_HSPA6,HSPA6,1,0.06666666666666667,-0.003155132091037603,-0.003155132091037603,0.00021034213940250687,MAPK_hsa04010,0.0029411764705882027,0.005534428517781301
gene_GYS2,GYS2,1,0.06666666666666667,-0.002974396851613879,-0.002974396851613879,0.00019829312344092525,PI3K_Akt_hsa04151,0.0,0.0
gene_WNT7A,WNT7A,4,0.26666666666666666,-0.0007395750559231686,0.02485575863876085,0.00019722001491284495,WNT_hsa04310,-0.0006302521008403006,0.0016408087554425886
gene_FLT1,FLT1,3,0.2,0.0005488290410687962,0.002857824454748159,0.00010976580821375924,PI3K_Akt_hsa04151,0.0,0.0
gene_IRS1,IRS1,1,0.06666666666666667,0.0008322699826580608,0.0008322699826580608,5.5484665510537384e-05,PI3K_Akt_hsa04151,0.0,0.0
gene_RAF1,RAF1,1,0.06666666666666667,-0.0003250900316477038,-0.0003250900316477038,2.1672668776513588e-05,PI3K_Akt_hsa04151,0.0,0.0
gene_TRAF2,TRAF2,2,0.13333333333333333,-7.162949432035215e-05,-7.162949432035215e-05,9.55059924271362e-06,MAPK_hsa04010,0.0,0.0
gene_FZD2,FZD2,0,0.0,0.0,0.0,0.0,WNT_hsa04310,0.0,0.0
gene_WNT6,WNT6,0,0.0,0.0,0.0,0.0,WNT_hsa04310,0.0,0.0
gene_SFRP1,SFRP1,0,0.0,0.0,0.0,0.0,WNT_hsa04310,0.00031512605042016695,0.0011554621848739455
gene_MAPK9,MAPK9,0,0.0,0.0,0.0,0.0,WNT_hsa04310,-0.00021008403361344463,0.001867267734730159
gene_PORCN,PORCN,0,0.0,0.0,0.0,0.0,WNT_hsa04310,0.0,0.0
gene_TLE7,TLE7,0,0.0,0.0,0.0,0.0,WNT_hsa04310,0.0,0.0
gene_CTNNBIP1,CTNNBIP1,0,0.0,0.0,0.0,0.0,WNT_hsa04310,-0.005777310924369739,0.0024968202361354513
gene_LAMC3,LAMC3,0,0.0,0.0,0.0,0.0,PI3K_Akt_hsa04151,-0.002310924369747891,0.00260707429537623
gene_STRADA,STRADA,0,0.0,0.0,0.0,0.0,mTOR_hsa04150,0.0,0.0
gene_ITGA4,ITGA4,0,0.0,0.0,0.0,0.0,PI3K_Akt_hsa04151,0.0,0.0
gene_IL1A,IL1A,0,0.0,0.0,0.0,0.0,MAPK_hsa04010,0.0,0.0
gene_ITGB6,ITGB6,0,0.0,0.0,0.0,0.0,PI3K_Akt_hsa04151,0.0,0.0
gene_KITLG,KITLG,0,0.0,0.0,0.0,0.0,PI3K_Akt_hsa04151,0.0,0.0
gene_NOTUM,NOTUM,0,0.0,0.0,0.0,0.0,WNT_hsa04310,0.0,0.0
gene_SIVA1,SIVA1,0,0.0,0.0,0.0,0.0,p53_hsa04115,0.0,0.0
gene_AIFM2,AIFM2,0,0.0,0.0,0.0,0.0,p53_hsa04115,0.0,0.0
gene_WNT5A,WNT5A,0,0.0,0.0,0.0,0.0,WNT_hsa04310,0.006932773109243684,0.00590855508841397
gene_CSF1,CSF1,0,0.0,0.0,0.0,0.0,PI3K_Akt_hsa04151,0.0,0.0
gene_RRM2B,RRM2B,0,0.0,0.0,0.0,0.0,p53_hsa04115,0.007878151260504207,0.0032967131988393106
gene_GNB4,GNB4,0,0.0,0.0,0.0,0.0,PI3K_Akt_hsa04151,0.0,0.0
gene_COL9A2,COL9A2,0,0.0,0.0,0.0,0.0,PI3K_Akt_hsa04151,0.0,0.0
gene_ZNRF3,ZNRF3,0,0.0,0.0,0.0,0.0,WNT_hsa04310,0.0,0.0
gene_PLCB1,PLCB1,0,0.0,0.0,0.0,0.0,WNT_hsa04310,0.0006302521008403339,0.0010712225868892366
gene_CSF1R,CSF1R,0,0.0,0.0,0.0,0.0,PI3K_Akt_hsa04151,0.0,0.0
gene_MAPKAPK3,MAPKAPK3,0,0.0,0.0,0.0,0.0,MAPK_hsa04010,0.0,0.0
gene_CREB3L2,CREB3L2,0,0.0,0.0,0.0,0.0,PI3K_Akt_hsa04151,0.0,0.0
gene_FNIP2,FNIP2,0,0.0,0.0,0.0,0.0,mTOR_hsa04150,0.0,0.0
gene_TP53I3,TP53I3,0,0.0,0.0,0.0,0.0,p53_hsa04115,0.0,0.0
gene_JUN,JUN,0,0.0,0.0,0.0,0.0,WNT_hsa04310,-0.006932773109243728,0.005339607154260009
gene_PLCB4,PLCB4,0,0.0,0.0,0.0,0.0,WNT_hsa04310,0.027100840336134423,0.010481066960728078
gene_TGFB1,TGFB1,0,0.0,0.0,0.0,0.0,MAPK_hsa04010,0.0,0.0
gene_CCN2,CCN2,0,0.0,0.0,0.0,0.0,IGF1_signaling,0.0,0.0
gene_PCK2,PCK2,0,0.0,0.0,0.0,0.0,PI3K_Akt_hsa04151,0.0,0.0
gene_FGF23,FGF23,0,0.0,0.0,0.0,0.0,PI3K_Akt_hsa04151,-0.0035714285714285587,0.003490178093663044
gene_PRICKLE4,PRICKLE4,0,0.0,0.0,0.0,0.0,WNT_hsa04310,0.0,0.0
gene_FZD4,FZD4,0,0.0,0.0,0.0,0.0,WNT_hsa04310,-0.014285714285714301,0.008536239350382361
gene_EIF4B,EIF4B,0,0.0,0.0,0.0,0.0,PI3K_Akt_hsa04151,0.0,0.0
gene_INVS,INVS,0,0.0,0.0,0.0,0.0,WNT_hsa04310,-0.0010504201680672232,0.0035466266840617796
gene_GNG5,GNG5,0,0.0,0.0,0.0,0.0,PI3K_Akt_hsa04151,0.0,0.0
gene_CSF3R,CSF3R,0,0.0,0.0,0.0,0.0,PI3K_Akt_hsa04151,0.0,0.0
gene_CHD8,CHD8,0,0.0,0.0,0.0,0.0,WNT_hsa04310,0.0,0.0
gene_TGFB3,TGFB3,0,0.0,0.0,0.0,0.0,MAPK_hsa04010,0.0,0.0
gene_RELA,RELA,0,0.0,0.0,0.0,0.0,PI3K_Akt_hsa04151,0.0,0.0
gene_TPTEP2-CSNK1E,TPTEP2-CSNK1E,0,0.0,0.0,0.0,0.0,WNT_hsa04310,0.0014705882352941014,0.010110260013038639
gene_NGFR,NGFR,0,0.0,0.0,0.0,0.0,PI3K_Akt_hsa04151,0.005882352941176461,0.0018314701443448167
gene_ZMAT3,ZMAT3,0,0.0,0.0,0.0,0.0,p53_hsa04115,0.0,0.0
gene_RASGRP1,RASGRP1,0,0.0,0.0,0.0,0.0,MAPK_hsa04010,0.0,0.0
gene_POLD1,POLD1,0,0.0,0.0,0.0,0.0,MMR_hsa03430,0.0,0.0
gene_PPP2R2D,PPP2R2D,0,0.0,0.0,0.0,0.0,PI3K_Akt_hsa04151,0.0,0.0
gene_LAMTOR2,LAMTOR2,0,0.0,0.0,0.0,0.0,mTOR_hsa04150,0.0,0.0
gene_P3R3URF-PIK3R3,P3R3URF-PIK3R3,0,0.0,0.0,0.0,0.0,PI3K_Akt_hsa04151,0.0,0.0
gene_CUL1,CUL1,0,0.0,0.0,0.0,0.0,WNT_hsa04310,0.0,0.0
gene_IL3RA.1,IL3RA.1,0,0.0,0.0,0.0,0.0,Unknown,0.0,0.0
gene_AKT3,AKT3,0,0.0,0.0,0.0,0.0,PI3K_Akt_hsa04151,0.0,0.0
gene_ULK1,ULK1,0,0.0,0.0,0.0,0.0,mTOR_hsa04150,-0.0006302521008403339,0.002941176470588225
gene_ARTN,ARTN,0,0.0,0.0,0.0,0.0,PI3K_Akt_hsa04151,0.0,0.0
gene_CASTOR2,CASTOR2,0,0.0,0.0,0.0,0.0,mTOR_hsa04150,0.0,0.0
gene_LAMC2,LAMC2,0,0.0,0.0,0.0,0.0,PI3K_Akt_hsa04151,-0.0015756302521008458,0.001264873380125232
gene_GNG7,GNG7,0,0.0,0.0,0.0,0.0,PI3K_Akt_hsa04151,0.0005252100840336116,0.003124889659799047
gene_SFN,SFN,0,0.0,0.0,0.0,0.0,p53_hsa04115,0.0,0.0
gene_PPP2R1A,PPP2R1A,0,0.0,0.0,0.0,0.0,PI3K_Akt_hsa04151,-0.0022058823529411686,0.0020717524079113393
gene_RPA2,RPA2,0,0.0,0.0,0.0,0.0,MMR_hsa03430,0.0,0.0
gene_MYB,MYB,0,0.0,0.0,0.0,0.0,PI3K_Akt_hsa04151,0.0,0.0
gene_PIK3R6,PIK3R6,0,0.0,0.0,0.0,0.0,PI3K_Akt_hsa04151,0.0,0.0
gene_CAMK2B,CAMK2B,0,0.0,0.0,0.0,0.0,WNT_hsa04310,-0.0034663865546218364,0.0022553477472251906
gene_SGK1,SGK1,0,0.0,0.0,0.0,0.0,PI3K_Akt_hsa04151,0.0,0.0
gene_IL3RA,IL3RA,0,0.0,0.0,0.0,0.0,PI3K_Akt_hsa04151,0.0,0.0
gene_ITGB3,ITGB3,0,0.0,0.0,0.0,0.0,PI3K_Akt_hsa04151,0.0,0.0
gene_IL3RA.2,IL3RA.2,0,0.0,0.0,0.0,0.0,Unknown,0.0,0.0
gene_NTRK1,NTRK1,0,0.0,0.0,0.0,0.0,PI3K_Akt_hsa04151,0.0,0.0
gene_RAPGEF2,RAPGEF2,0,0.0,0.0,0.0,0.0,MAPK_hsa04010,0.0,0.0
gene_HSPA8,HSPA8,0,0.0,0.0,0.0,0.0,MAPK_hsa04010,0.0,0.0
gene_LZTS2,LZTS2,0,0.0,0.0,0.0,0.0,WNT_hsa04310,0.0,0.0
gene_MAPK8,MAPK8,0,0.0,0.0,0.0,0.0,WNT_hsa04310,0.0,0.0
gene_MTOR,MTOR,0,0.0,0.0,0.0,0.0,PI3K_Akt_hsa04151,0.0,0.0
gene_VWF,VWF,0,0.0,0.0,0.0,0.0,PI3K_Akt_hsa04151,0.0,0.0
gene_MDM4,MDM4,0,0.0,0.0,0.0,0.0,p53_hsa04115,0.001680672268907535,0.003361344537815136
gene_CACNA1E,CACNA1E,0,0.0,0.0,0.0,0.0,MAPK_hsa04010,0.0,0.0
gene_DUSP16,DUSP16,0,0.0,0.0,0.0,0.0,MAPK_hsa04010,0.0,0.0
gene_PIK3C2A,PIK3C2A,0,0.0,0.0,0.0,0.0,IGF1_signaling,0.0,0.0
gene_TLE4,TLE4,0,0.0,0.0,0.0,0.0,WNT_hsa04310,0.0,0.0
gene_WNT5B,WNT5B,0,0.0,0.0,0.0,0.0,WNT_hsa04310,0.0,0.0
gene_IFNA1,IFNA1,0,0.0,0.0,0.0,0.0,PI3K_Akt_hsa04151,0.0,0.0
gene_COL4A6,COL4A6,0,0.0,0.0,0.0,0.0,PI3K_Akt_hsa04151,0.0,0.0
gene_PDGFA,PDGFA,0,0.0,0.0,0.0,0.0,PI3K_Akt_hsa04151,0.005567226890756294,0.00971908320516841
gene_MAP3K5,MAP3K5,0,0.0,0.0,0.0,0.0,MAPK_hsa04010,0.0,0.0
gene_MAP3K9,MAP3K9,0,0.0,0.0,0.0,0.0,MAPK_hsa04010,0.0,0.0
gene_IL2,IL2,0,0.0,0.0,0.0,0.0,PI3K_Akt_hsa04151,0.0,0.0
gene_MAPK10,MAPK10,0,0.0,0.0,0.0,0.0,WNT_hsa04310,0.0,0.0
gene_CSHL1,CSHL1,0,0.0,0.0,0.0,0.0,PI3K_Akt_hsa04151,0.0,0.0
gene_IFNA7,IFNA7,0,0.0,0.0,0.0,0.0,PI3K_Akt_hsa04151,0.0,0.0
gene_CCN4,CCN4,0,0.0,0.0,0.0,0.0,WNT_hsa04310,0.0,0.0
gene_FZD3,FZD3,0,0.0,0.0,0.0,0.0,WNT_hsa04310,0.0,0.0
gene_MAP2K6,MAP2K6,0,0.0,0.0,0.0,0.0,MAPK_hsa04010,0.0,0.0
gene_ITGA2B,ITGA2B,0,0.0,0.0,0.0,0.0,PI3K_Akt_hsa04151,0.007878151260504184,0.006271808923751333
gene_CHUK,CHUK,0,0.0,0.0,0.0,0.0,PI3K_Akt_hsa04151,0.0006302521008403339,0.0010712225868892368
gene_NTF4,NTF4,0,0.0,0.0,0.0,0.0,PI3K_Akt_hsa04151,0.0,0.0
gene_VTN,VTN,0,0.0,0.0,0.0,0.0,PI3K_Akt_hsa04151,0.0,0.0
gene_LAMTOR3,LAMTOR3,0,0.0,0.0,0.0,0.0,mTOR_hsa04150,-0.004201680672268915,0.006709545975912316
gene_NFKB1,NFKB1,0,0.0,0.0,0.0,0.0,PI3K_Akt_hsa04151,0.0,0.0
gene_COL6A6,COL6A6,0,0.0,0.0,0.0,0.0,PI3K_Akt_hsa04151,0.0,0.0
gene_CACNA1G,CACNA1G,0,0.0,0.0,0.0,0.0,MAPK_hsa04010,0.0,0.0
gene_AREG,AREG,0,0.0,0.0,0.0,0.0,PI3K_Akt_hsa04151,0.0,0.0
gene_AKT1S1,AKT1S1,0,0.0,0.0,0.0,0.0,mTOR_hsa04150,0.0,0.0
gene_CSNK2B,CSNK2B,0,0.0,0.0,0.0,0.0,WNT_hsa04310,0.0,0.0
gene_FLNA,FLNA,0,0.0,0.0,0.0,0.0,MAPK_hsa04010,0.0,0.0
gene_PRKAG2,PRKAG2,0,0.0,0.0,0.0,0.0,IGF1_signaling,0.0,0.0
gene_IL3RA.3,IL3RA.3,0,0.0,0.0,0.0,0.0,Unknown,0.010504201680672254,0.002572993427293254
gene_WNT2,WNT2,0,0.0,0.0,0.0,0.0,WNT_hsa04310,0.0,0.0
gene_EPOR,EPOR,0,0.0,0.0,0.0,0.0,PI3K_Akt_hsa04151,-0.0009453781512605008,0.0032359079413338885
gene_GNB2,GNB2,0,0.0,0.0,0.0,0.0,PI3K_Akt_hsa04151,0.0,0.0
gene_MAPT,MAPT,0,0.0,0.0,0.0,0.0,MAPK_hsa04010,0.0,0.0
gene_WDR59,WDR59,0,0.0,0.0,0.0,0.0,mTOR_hsa04150,-0.006302521008403383,0.004095291741516365
gene_FLT4,FLT4,0,0.0,0.0,0.0,0.0,PI3K_Akt_hsa04151,-0.0068277310924369835,0.00546319479997724
gene_CCNG1,CCNG1,0,0.0,0.0,0.0,0.0,p53_hsa04115,0.0,0.0
gene_EFNA4,EFNA4,0,0.0,0.0,0.0,0.0,PI3K_Akt_hsa04151,0.0,0.0
gene_THBS2,THBS2,0,0.0,0.0,0.0,0.0,PI3K_Akt_hsa04151,0.0,0.0
gene_TLE1,TLE1,0,0.0,0.0,0.0,0.0,WNT_hsa04310,0.0,0.0
gene_PIK3CG,PIK3CG,0,0.0,0.0,0.0,0.0,PI3K_Akt_hsa04151,0.0,0.0
gene_CSNK1A1,CSNK1A1,0,0.0,0.0,0.0,0.0,WNT_hsa04310,0.0,0.0
gene_PDGFRB,PDGFRB,0,0.0,0.0,0.0,0.0,PI3K_Akt_hsa04151,0.0,0.0
gene_ROR1,ROR1,0,0.0,0.0,0.0,0.0,WNT_hsa04310,0.0,0.0
gene_TNC,TNC,0,0.0,0.0,0.0,0.0,PI3K_Akt_hsa04151,0.0,0.0
gene_SOCS1,SOCS1,0,0.0,0.0,0.0,0.0,IGF1_signaling,0.0,0.0
gene_CACNG1,CACNG1,0,0.0,0.0,0.0,0.0,MAPK_hsa04010,0.0,0.0
gene_AXIN1,AXIN1,0,0.0,0.0,0.0,0.0,WNT_hsa04310,0.0,0.0
gene_NPRL3,NPRL3,0,0.0,0.0,0.0,0.0,mTOR_hsa04150,0.0,0.0
gene_FAS,FAS,0,0.0,0.0,0.0,0.0,p53_hsa04115,0.0,0.0
gene_PPP2R5D,PPP2R5D,0,0.0,0.0,0.0,0.0,PI3K_Akt_hsa04151,0.0,0.0
gene_LAMA2,LAMA2,0,0.0,0.0,0.0,0.0,PI3K_Akt_hsa04151,0.0,0.0
gene_SGK3,SGK3,0,0.0,0.0,0.0,0.0,PI3K_Akt_hsa04151,0.0,0.0
gene_RBL2,RBL2,0,0.0,0.0,0.0,0.0,PI3K_Akt_hsa04151,0.0,0.0
gene_BRCA1,BRCA1,0,0.0,0.0,0.0,0.0,PI3K_Akt_hsa04151,0.0,0.0
gene_MAP4K1,MAP4K1,0,0.0,0.0,0.0,0.0,MAPK_hsa04010,0.0,0.0
gene_PPARD,PPARD,0,0.0,0.0,0.0,0.0,WNT_hsa04310,0.0,0.0
gene_FZD9,FZD9,0,0.0,0.0,0.0,0.0,WNT_hsa04310,0.0,0.0
gene_PPP3R2,PPP3R2,0,0.0,0.0,0.0,0.0,WNT_hsa04310,0.0,0.0
gene_PPP1R13L,PPP1R13L,0,0.0,0.0,0.0,0.0,p53_hsa04115,0.0,0.0
gene_IGF1,IGF1,0,0.0,0.0,0.0,0.0,PI3K_Akt_hsa04151,0.0,0.0
gene_TSC2,TSC2,0,0.0,0.0,0.0,0.0,PI3K_Akt_hsa04151,0.0,0.0
gene_COL4A5,COL4A5,0,0.0,0.0,0.0,0.0,PI3K_Akt_hsa04151,0.00042016806722687815,0.0026239487388228485
gene_MAPK12,MAPK12,0,0.0,0.0,0.0,0.0,MAPK_hsa04010,0.0,0.0
gene_PERP,PERP,0,0.0,0.0,0.0,0.0,p53_hsa04115,0.0,0.0
gene_WNT7B,WNT7B,0,0.0,0.0,0.0,0.0,WNT_hsa04310,0.0,0.0
gene_LPAR2,LPAR2,0,0.0,0.0,0.0,0.0,PI3K_Akt_hsa04151,0.0,0.0
gene_RASA1,RASA1,0,0.0,0.0,0.0,0.0,MAPK_hsa04010,0.0,0.0
gene_PKN2,PKN2,0,0.0,0.0,0.0,0.0,PI3K_Akt_hsa04151,0.0,0.0
gene_LGR5,LGR5,0,0.0,0.0,0.0,0.0,WNT_hsa04310,-0.008613445378151285,0.0059569104532596
gene_MAP3K1,MAP3K1,0,0.0,0.0,0.0,0.0,MAPK_hsa04010,0.0,0.0
gene_MAP2K5,MAP2K5,0,0.0,0.0,0.0,0.0,MAPK_hsa04010,0.0,0.0
gene_ITGA11,ITGA11,0,0.0,0.0,0.0,0.0,PI3K_Akt_hsa04151,-0.0007352941176470562,0.0015615618432057198
gene_PLCB2,PLCB2,0,0.0,0.0,0.0,0.0,WNT_hsa04310,0.0,0.0
gene_FGF2,FGF2,0,0.0,0.0,0.0,0.0,PI3K_Akt_hsa04151,0.0,0.0
gene_KIT,KIT,0,0.0,0.0,0.0,0.0,PI3K_Akt_hsa04151,-0.0012605042016806678,0.002036840276225341
gene_TGFB2,TGFB2,0,0.0,0.0,0.0,0.0,MAPK_hsa04010,0.0,0.0
gene_FZD1,FZD1,0,0.0,0.0,0.0,0.0,WNT_hsa04310,0.0,0.0
gene_MAPK13,MAPK13,0,0.0,0.0,0.0,0.0,MAPK_hsa04010,0.0,0.0
gene_VANGL2,VANGL2,0,0.0,0.0,0.0,0.0,WNT_hsa04310,0.0,0.0
gene_COL9A3,COL9A3,0,0.0,0.0,0.0,0.0,PI3K_Akt_hsa04151,-0.0021008403361344463,0.0026985782728287987
gene_WIF1,WIF1,0,0.0,0.0,0.0,0.0,WNT_hsa04310,-0.0033613445378151254,0.011064868976692161
gene_ITGB7,ITGB7,0,0.0,0.0,0.0,0.0,PI3K_Akt_hsa04151,0.0,0.0
gene_IL4R,IL4R,0,0.0,0.0,0.0,0.0,PI3K_Akt_hsa04151,0.0,0.0
gene_DEPTOR,DEPTOR,0,0.0,0.0,0.0,0.0,mTOR_hsa04150,0.0,0.0
gene_POLD3,POLD3,0,0.0,0.0,0.0,0.0,MMR_hsa03430,0.0,0.0
gene_LPAR6,LPAR6,0,0.0,0.0,0.0,0.0,PI3K_Akt_hsa04151,0.0017857142857142794,0.003290012555328943
gene_PPP2R3C,PPP2R3C,0,0.0,0.0,0.0,0.0,PI3K_Akt_hsa04151,0.0,0.0
gene_ATP6V1G1,ATP6V1G1,0,0.0,0.0,0.0,0.0,mTOR_hsa04150,0.0,0.0
gene_WNT16,WNT16,0,0.0,0.0,0.0,0.0,WNT_hsa04310,-0.011869747899159655,0.008285012200298734
gene_IFNAR2,IFNAR2,0,0.0,0.0,0.0,0.0,PI3K_Akt_hsa04151,-0.005147058823529438,0.009881210453881444
gene_PLA2G4D,PLA2G4D,0,0.0,0.0,0.0,0.0,MAPK_hsa04010,0.0,0.0
gene_MAPK1,MAPK1,0,0.0,0.0,0.0,0.0,PI3K_Akt_hsa04151,0.0,0.0
gene_NFATC3,NFATC3,0,0.0,0.0,0.0,0.0,WNT_hsa04310,0.0,0.0
gene_PDGFRA,PDGFRA,0,0.0,0.0,0.0,0.0,PI3K_Akt_hsa04151,0.0,0.0
gene_LRP5,LRP5,0,0.0,0.0,0.0,0.0,WNT_hsa04310,0.0,0.0
gene_RPS6KA4,RPS6KA4,0,0.0,0.0,0.0,0.0,MAPK_hsa04010,0.0,0.0
gene_APC,APC,0,0.0,0.0,0.0,0.0,WNT_hsa04310,0.00031512605042016695,0.002617633570247283
gene_OSM,OSM,0,0.0,0.0,0.0,0.0,PI3K_Akt_hsa04151,0.00010504201680673342,0.0045168067226890925
gene_MAP3K7,MAP3K7,0,0.0,0.0,0.0,0.0,WNT_hsa04310,0.0,0.0
gene_CDK4,CDK4,0,0.0,0.0,0.0,0.0,PI3K_Akt_hsa04151,0.0015756302521008347,0.0020068249132923037
gene_EFNA2,EFNA2,0,0.0,0.0,0.0,0.0,PI3K_Akt_hsa04151,0.0,0.0
gene_JAK2,JAK2,0,0.0,0.0,0.0,0.0,PI3K_Akt_hsa04151,0.00042016806722687815,0.0064956406864454955
gene_CACNG4,CACNG4,0,0.0,0.0,0.0,0.0,MAPK_hsa04010,0.002415966386554602,0.004202993492382895
gene_CAB39,CAB39,0,0.0,0.0,0.0,0.0,mTOR_hsa04150,0.0,0.0
gene_TAOK1,TAOK1,0,0.0,0.0,0.0,0.0,MAPK_hsa04010,0.004411764705882337,0.005372568005270747
gene_PKN3,PKN3,0,0.0,0.0,0.0,0.0,PI3K_Akt_hsa04151,0.0,0.0
gene_MLH1,MLH1,0,0.0,0.0,0.0,0.0,MMR_hsa03430,0.0,0.0
gene_GPC4,GPC4,0,0.0,0.0,0.0,0.0,WNT_hsa04310,-0.0024159663865546133,0.002487966235782977
gene_DKK2,DKK2,0,0.0,0.0,0.0,0.0,WNT_hsa04310,0.0,0.0
gene_MAP3K20,MAP3K20,0,0.0,0.0,0.0,0.0,MAPK_hsa04010,0.0,0.0
gene_FLCN,FLCN,0,0.0,0.0,0.0,0.0,mTOR_hsa04150,0.0,0.0
gene_LAMTOR1,LAMTOR1,0,0.0,0.0,0.0,0.0,mTOR_hsa04150,0.0,0.0
gene_EPHA2,EPHA2,0,0.0,0.0,0.0,0.0,PI3K_Akt_hsa04151,0.0,0.0
gene_CCN1,CCN1,0,0.0,0.0,0.0,0.0,IGF1_signaling,0.00031512605042016695,0.0010556592038992495
gene_MAP3K4,MAP3K4,0,0.0,0.0,0.0,0.0,MAPK_hsa04010,0.0,0.0
gene_CD82,CD82,0,0.0,0.0,0.0,0.0,p53_hsa04115,0.0,0.0
gene_SESN1,SESN1,0,0.0,0.0,0.0,0.0,p53_hsa04115,0.0,0.0
gene_PSEN1,PSEN1,0,0.0,0.0,0.0,0.0,WNT_hsa04310,-0.003046218487394947,0.00136554621848739
gene_MEF2C,MEF2C,0,0.0,0.0,0.0,0.0,MAPK_hsa04010,0.0,0.0
gene_WNT9A,WNT9A,0,0.0,0.0,0.0,0.0,WNT_hsa04310,0.0,0.0
gene_RRAGB,RRAGB,0,0.0,0.0,0.0,0.0,mTOR_hsa04150,0.0,0.0
gene_ITGA9,ITGA9,0,0.0,0.0,0.0,0.0,PI3K_Akt_hsa04151,0.0,0.0
gene_RSPO2,RSPO2,0,0.0,0.0,0.0,0.0,WNT_hsa04310,0.0,0.0
gene_SFRP2,SFRP2,0,0.0,0.0,0.0,0.0,WNT_hsa04310,0.0,0.0
gene_NKD2,NKD2,0,0.0,0.0,0.0,0.0,WNT_hsa04310,0.0,0.0
gene_CACNA1S,CACNA1S,0,0.0,0.0,0.0,0.0,MAPK_hsa04010,-0.004936974789915949,0.00870075142431883
gene_IGFBP1,IGFBP1,0,0.0,0.0,0.0,0.0,IGF1_signaling,0.0,0.0
gene_ULK2,ULK2,0,0.0,0.0,0.0,0.0,mTOR_hsa04150,-0.0023109243697479465,0.0063687001643799035
gene_CREB5,CREB5,0,0.0,0.0,0.0,0.0,PI3K_Akt_hsa04151,0.0,0.0
gene_CACNG8,CACNG8,0,0.0,0.0,0.0,0.0,MAPK_hsa04010,0.0,0.0
gene_COL6A2,COL6A2,0,0.0,0.0,0.0,0.0,PI3K_Akt_hsa04151,-0.001680672268907557,0.00157212495242602
gene_ITGA8,ITGA8,0,0.0,0.0,0.0,0.0,PI3K_Akt_hsa04151,0.0,0.0
gene_PLCB3,PLCB3,0,0.0,0.0,0.0,0.0,WNT_hsa04310,0.0,0.0
gene_PRKCA,PRKCA,0,0.0,0.0,0.0,0.0,WNT_hsa04310,0.0,0.0
gene_ITGA6,ITGA6,0,0.0,0.0,0.0,0.0,PI3K_Akt_hsa04151,0.0,0.0
gene_PPP2R5E,PPP2R5E,0,0.0,0.0,0.0,0.0,PI3K_Akt_hsa04151,0.0,0.0
gene_PDPK1,PDPK1,0,0.0,0.0,0.0,0.0,PI3K_Akt_hsa04151,0.0,0.0
gene_RPTOR,RPTOR,0,0.0,0.0,0.0,0.0,PI3K_Akt_hsa04151,0.0,0.0
gene_SMAD4,SMAD4,0,0.0,0.0,0.0,0.0,WNT_hsa04310,0.0,0.0
gene_TCF7L1,TCF7L1,0,0.0,0.0,0.0,0.0,WNT_hsa04310,0.0022058823529411686,0.00421348132775872
gene_G6PC2,G6PC2,0,0.0,0.0,0.0,0.0,PI3K_Akt_hsa04151,0.0,0.0
gene_PPP2R5C,PPP2R5C,0,0.0,0.0,0.0,0.0,PI3K_Akt_hsa04151,0.0,0.0
gene_PMAIP1,PMAIP1,0,0.0,0.0,0.0,0.0,p53_hsa04115,0.0,0.0
gene_EIF4E,EIF4E,0,0.0,0.0,0.0,0.0,PI3K_Akt_hsa04151,0.0,0.0
gene_FLT3LG,FLT3LG,0,0.0,0.0,0.0,0.0,PI3K_Akt_hsa04151,0.0,0.0
gene_CACNA2D4,CACNA2D4,0,0.0,0.0,0.0,0.0,MAPK_hsa04010,0.0,0.0
gene_FOXO1,FOXO1,0,0.0,0.0,0.0,0.0,IGF1_signaling,0.01428571428571429,0.006037860446722656
gene_PXN,PXN,0,0.0,0.0,0.0,0.0,IGF1_signaling,0.0,0.0
gene_BAX,BAX,0,0.0,0.0,0.0,0.0,p53_hsa04115,0.0,0.0
gene_IFNAR1,IFNAR1,0,0.0,0.0,0.0,0.0,PI3K_Akt_hsa04151,0.0,0.0
gene_WNT4,WNT4,0,0.0,0.0,0.0,0.0,WNT_hsa04310,0.0,0.0
gene_MAPKAPK2,MAPKAPK2,0,0.0,0.0,0.0,0.0,MAPK_hsa04010,-0.018802521008403385,0.014135471066220769
gene_SFRP5,SFRP5,0,0.0,0.0,0.0,0.0,WNT_hsa04310,0.0,0.0
gene_IL7R,IL7R,0,0.0,0.0,0.0,0.0,PI3K_Akt_hsa04151,0.0,0.0
gene_IL1B,IL1B,0,0.0,0.0,0.0,0.0,MAPK_hsa04010,0.0,0.0
gene_MAX,MAX,0,0.0,0.0,0.0,0.0,MAPK_hsa04010,0.0,0.0
gene_RRAS,RRAS,0,0.0,0.0,0.0,0.0,MAPK_hsa04010,0.0025210084033613577,0.005128804880560364
gene_WDR24,WDR24,0,0.0,0.0,0.0,0.0,mTOR_hsa04150,0.0,0.0
gene_FGFR2,FGFR2,0,0.0,0.0,0.0,0.0,PI3K_Akt_hsa04151,0.0,0.0
gene_CACNB1,CACNB1,0,0.0,0.0,0.0,0.0,MAPK_hsa04010,0.0,0.0
gene_JMJD7-PLA2G4B,JMJD7-PLA2G4B,0,0.0,0.0,0.0,0.0,MAPK_hsa04010,-0.006302521008403372,0.004356395242295751
gene_RHOA,RHOA,0,0.0,0.0,0.0,0.0,WNT_hsa04310,-0.007983193277310929,0.010000529609589841
gene_PRKCZ,PRKCZ,0,0.0,0.0,0.0,0.0,IGF1_signaling,0.0,0.0
gene_FRZB,FRZB,0,0.0,0.0,0.0,0.0,WNT_hsa04310,0.0,0.0
gene_GNG13,GNG13,0,0.0,0.0,0.0,0.0,PI3K_Akt_hsa04151,0.0,0.0
gene_STAT3,STAT3,0,0.0,0.0,0.0,0.0,IGF1_signaling,0.00010504201680672232,0.00031512605042016695
gene_CHRM1,CHRM1,0,0.0,0.0,0.0,0.0,PI3K_Akt_hsa04151,0.000735294117647034,0.006792085361482006
gene_TNXB,TNXB,0,0.0,0.0,0.0,0.0,PI3K_Akt_hsa04151,0.00630252100840335,0.025492985503175615
gene_EP300,EP300,0,0.0,0.0,0.0,0.0,WNT_hsa04310,0.0,0.0
gene_KDR,KDR,0,0.0,0.0,0.0,0.0,PI3K_Akt_hsa04151,0.0,0.0
gene_CTNNB1,CTNNB1,0,0.0,0.0,0.0,0.0,WNT_hsa04310,0.0,0.0
gene_YWHAH,YWHAH,0,0.0,0.0,0.0,0.0,PI3K_Akt_hsa04151,-0.003886554621848759,0.012622973939708118
gene_CTNND2,CTNND2,0,0.0,0.0,0.0,0.0,WNT_hsa04310,0.0,0.0
gene_RAP2A,RAP2A,0,0.0,0.0,0.0,0.0,IGF1_signaling,0.00010504201680672232,0.00031512605042016695
gene_NR4A1,NR4A1,0,0.0,0.0,0.0,0.0,PI3K_Akt_hsa04151,0.0,0.0
gene_CDK1,CDK1,0,0.0,0.0,0.0,0.0,p53_hsa04115,0.0,0.0
gene_MAP2K4,MAP2K4,0,0.0,0.0,0.0,0.0,MAPK_hsa04010,0.0,0.0
gene_DUSP1,DUSP1,0,0.0,0.0,0.0,0.0,MAPK_hsa04010,0.0,0.0
gene_TEK,TEK,0,0.0,0.0,0.0,0.0,PI3K_Akt_hsa04151,0.0,0.0
gene_IFNA6,IFNA6,0,0.0,0.0,0.0,0.0,PI3K_Akt_hsa04151,0.026050420168067225,0.014231545844067198
gene_RASGRP4,RASGRP4,0,0.0,0.0,0.0,0.0,MAPK_hsa04010,0.0,0.0
gene_PIK3CD,PIK3CD,0,0.0,0.0,0.0,0.0,PI3K_Akt_hsa04151,0.0,0.0
gene_BCL2L1,BCL2L1,0,0.0,0.0,0.0,0.0,PI3K_Akt_hsa04151,0.0,0.0
gene_LPAR3,LPAR3,0,0.0,0.0,0.0,0.0,PI3K_Akt_hsa04151,0.0,0.0
gene_GNA12,GNA12,0,0.0,0.0,0.0,0.0,MAPK_hsa04010,0.0012605042016806567,0.003924693632829705
gene_TNN,TNN,0,0.0,0.0,0.0,0.0,PI3K_Akt_hsa04151,0.0,0.0
gene_SOCS2,SOCS2,0,0.0,0.0,0.0,0.0,IGF1_signaling,0.0,0.0
gene_APAF1,APAF1,0,0.0,0.0,0.0,0.0,p53_hsa04115,0.00031512605042016695,0.0009453781512605008
gene_TNFRSF10B,TNFRSF10B,0,0.0,0.0,0.0,0.0,p53_hsa04115,0.0,0.0
gene_PPM1D,PPM1D,0,0.0,0.0,0.0,0.0,p53_hsa04115,0.00997899159663861,0.007460941536588124
gene_SOCS6,SOCS6,0,0.0,0.0,0.0,0.0,IGF1_signaling,0.0,0.0
gene_CD14,CD14,0,0.0,0.0,0.0,0.0,MAPK_hsa04010,0.0,0.0
gene_FLT3,FLT3,0,0.0,0.0,0.0,0.0,PI3K_Akt_hsa04151,0.0,0.0
gene_MLST8,MLST8,0,0.0,0.0,0.0,0.0,PI3K_Akt_hsa04151,0.0,0.0
gene_RAC2,RAC2,0,0.0,0.0,0.0,0.0,WNT_hsa04310,0.0,0.0
gene_PPP2R5B,PPP2R5B,0,0.0,0.0,0.0,0.0,PI3K_Akt_hsa04151,0.0,0.0
gene_SYK,SYK,0,0.0,0.0,0.0,0.0,PI3K_Akt_hsa04151,-0.00619747899159665,0.003998501325771887
gene_NOS3,NOS3,0,0.0,0.0,0.0,0.0,PI3K_Akt_hsa04151,0.0,0.0
gene_CAMK2A,CAMK2A,0,0.0,0.0,0.0,0.0,WNT_hsa04310,0.0,0.0
gene_ITGB4,ITGB4,0,0.0,0.0,0.0,0.0,PI3K_Akt_hsa04151,0.0,0.0
gene_MIOS,MIOS,0,0.0,0.0,0.0,0.0,mTOR_hsa04150,-0.003046218487394947,0.006275326483715879
gene_IL3,IL3,0,0.0,0.0,0.0,0.0,PI3K_Akt_hsa04151,0.0,0.0
gene_CASP3,CASP3,0,0.0,0.0,0.0,0.0,p53_hsa04115,-0.002626050420168058,0.0019510688677527987
gene_ITGA2,ITGA2,0,0.0,0.0,0.0,0.0,PI3K_Akt_hsa04151,-0.0011554621848739455,0.0023228302928041916
gene_PDGFB,PDGFB,0,0.0,0.0,0.0,0.0,PI3K_Akt_hsa04151,0.0,0.0
gene_LGR6,LGR6,0,0.0,0.0,0.0,0.0,WNT_hsa04310,0.0,0.0
gene_PRKACA,PRKACA,0,0.0,0.0,0.0,0.0,WNT_hsa04310,0.0,0.0
gene_RASD2,RASD2,0,0.0,0.0,0.0,0.0,IGF1_signaling,0.0,0.0
gene_NGF,NGF,0,0.0,0.0,0.0,0.0,PI3K_Akt_hsa04151,-0.002836134453781514,0.001413195803264018
gene_DEPDC5,DEPDC5,0,0.0,0.0,0.0,0.0,mTOR_hsa04150,0.0,0.0
gene_IGFBP7,IGFBP7,0,0.0,0.0,0.0,0.0,IGF1_signaling,0.0,0.0
gene_COL6A3,COL6A3,0,0.0,0.0,0.0,0.0,PI3K_Akt_hsa04151,0.0,0.0
gene_IL2RA,IL2RA,0,0.0,0.0,0.0,0.0,PI3K_Akt_hsa04151,-0.002626050420168058,0.002905318631499849
gene_TGFA,TGFA,0,0.0,0.0,0.0,0.0,PI3K_Akt_hsa04151,0.0,0.0
gene_RPA1,RPA1,0,0.0,0.0,0.0,0.0,MMR_hsa03430,0.0,0.0
gene_VEGFD,VEGFD,0,0.0,0.0,0.0,0.0,PI3K_Akt_hsa04151,-0.025630252100840346,0.021584537040405596
gene_GNG8,GNG8,0,0.0,0.0,0.0,0.0,PI3K_Akt_hsa04151,0.0,0.0
gene_TSC1,TSC1,0,0.0,0.0,0.0,0.0,PI3K_Akt_hsa04151,0.0,0.0
gene_PPP2R3B.3,PPP2R3B.3,0,0.0,0.0,0.0,0.0,Unknown,0.0,0.0
gene_PPP2R3B.2,PPP2R3B.2,0,0.0,0.0,0.0,0.0,Unknown,0.0,0.0
gene_PPP2R3B.1,PPP2R3B.1,0,0.0,0.0,0.0,0.0,Unknown,0.0,0.0
gene_PPP2R3B,PPP2R3B,0,0.0,0.0,0.0,0.0,PI3K_Akt_hsa04151,0.0,0.0
gene_RBX1,RBX1,0,0.0,0.0,0.0,0.0,WNT_hsa04310,-1.1102230246251566e-17,0.003354772987956146
gene_CRK,CRK,0,0.0,0.0,0.0,0.0,MAPK_hsa04010,0.00031512605042016695,0.0013328337752572979
gene_ECSIT,ECSIT,0,0.0,0.0,0.0,0.0,MAPK_hsa04010,0.0,0.0
gene_EPO,EPO,0,0.0,0.0,0.0,0.0,PI3K_Akt_hsa04151,0.0,0.0
gene_CACNG6,CACNG6,0,0.0,0.0,0.0,0.0,MAPK_hsa04010,0.0,0.0
gene_CACNG2,CACNG2,0,0.0,0.0,0.0,0.0,MAPK_hsa04010,0.0,0.0
gene_LRP6,LRP6,0,0.0,0.0,0.0,0.0,WNT_hsa04310,0.002626050420168058,0.0012648733801252368
gene_PRKCB,PRKCB,0,0.0,0.0,0.0,0.0,WNT_hsa04310,0.0,0.0
gene_MAP3K10,MAP3K10,0,0.0,0.0,0.0,0.0,MAPK_hsa04010,0.0,0.0
gene_SESN2,SESN2,0,0.0,0.0,0.0,0.0,p53_hsa04115,0.0,0.0
gene_CACNB2,CACNB2,0,0.0,0.0,0.0,0.0,MAPK_hsa04010,0.0,0.0
gene_CLIP1,CLIP1,0,0.0,0.0,0.0,0.0,mTOR_hsa04150,0.0,0.0
gene_CSNK2A2,CSNK2A2,0,0.0,0.0,0.0,0.0,WNT_hsa04310,0.0,0.0
gene_RPS6KA5,RPS6KA5,0,0.0,0.0,0.0,0.0,MAPK_hsa04010,0.001680672268907535,0.002162947508610735
